point_index,timestamp,x_target,y_target,z_target,x,y,z,normalized_x,normalized_y,original_label,relabeled_label,acoustic_filename
2,1765472915.8273063,0.6848234483648149,0.16828340102513734,0.19019103083547334,0.6848231603660481,0.16808830156410023,0.1900862268652325,0.9999971200123317,0.998049005389629,contact,contact,./data/1_contact.wav
3,1765472918.6887002,0.6737123372537038,0.16828340102513734,0.19019103083547334,0.6738544830279882,0.16794894670991378,0.18987928661628214,0.8903103466317333,0.9966554568477645,contact,contact,./data/2_contact.wav
4,1765472921.5629878,0.6626012261425926,0.16828340102513734,0.19019103083547334,0.6627319463967927,0.167992406852087,0.18990639269853385,0.7790849803197777,0.9970900582694966,contact,contact,./data/3_contact.wav
5,1765472924.4420485,0.6514901150314816,0.16828340102513734,0.19019103083547334,0.6516152468763017,0.16803698555373894,0.18991703406905414,0.6679179851148677,0.9975358452860161,contact,contact,./data/4_contact.wav
6,1765472927.3281713,0.6403790039203705,0.16828340102513734,0.19019103083547334,0.6405448962883139,0.16794268820641797,0.18991067323746924,0.5572144792349899,0.9965928718128064,contact,contact,./data/5_contact.wav
7,1765472930.2073743,0.6292678928092593,0.16828340102513734,0.19019103083547334,0.6294093343620001,0.16799306086759172,0.1899198444251203,0.4458588599718517,0.9970965984245439,contact,contact,./data/6_contact.wav
8,1765472933.0869927,0.6181567816981482,0.16828340102513734,0.19019103083547334,0.618323747603908,0.16793673899359116,0.1899136797160716,0.3350029923909304,0.9965333796845383,contact,contact,./data/7_contact.wav
9,1765472935.9616754,0.6070456705870372,0.16828340102513734,0.19019103083547334,0.6072045156982725,0.16783953831451956,0.1898232945600597,0.22381067333457577,0.9955613728938223,contact,contact,./data/8_contact.wav
10,1765472938.8378491,0.595934559475926,0.16828340102513734,0.19019103083547334,0.5961315622881507,0.16786260370181957,0.18996885305894978,0.11308113923335752,0.9957920267668224,contact,contact,./data/9_contact.wav
11,1765472941.6971407,0.5848234483648149,0.16828340102513734,0.19019103083547334,0.5850005289677935,0.1679229845168191,0.18992761068992503,0.0017708060297860766,0.9963958349168178,contact,contact,./data/10_contact.wav
14,1765472947.5614574,0.6848234483648149,0.15828340102513733,0.19019103083547334,0.6848024845354661,0.1581372138431352,0.18996819069979232,0.999790361706512,0.8985381281799787,contact,contact,./data/11_contact.wav
15,1765472950.4215715,0.6737123372537038,0.15828340102513733,0.19019103083547334,0.6738390229701491,0.1581395093138119,0.18993757131177116,0.8901557460533418,0.8985610828867457,no_contact,no_contact,./data/1_no_contact.wav
16,1765472953.3088574,0.6626012261425926,0.15828340102513733,0.19019103083547334,0.6626844391963573,0.1580400686674091,0.18977776066631113,0.7786099083154243,0.8975666764227177,no_contact,no_contact,./data/2_no_contact.wav
17,1765472956.2015016,0.6514901150314816,0.15828340102513733,0.19019103083547334,0.6515882539842631,0.15807276108917184,0.18983207074449499,0.6676480561944821,0.8978936006403451,contact,contact,./data/12_contact.wav
18,1765472959.1036735,0.6403790039203705,0.15828340102513733,0.19019103083547334,0.640472687641215,0.15808499064327805,0.1898482465131736,0.556492392764001,0.8980158961814072,contact,contact,./data/13_contact.wav
19,1765472962.0026562,0.6292678928092593,0.15828340102513733,0.19019103083547334,0.6294017834098813,0.1581342495979684,0.18988524027953763,0.44578335045066375,0.8985084857283107,contact,contact,./data/14_contact.wav
20,1765472964.8894844,0.6181567816981482,0.15828340102513733,0.19019103083547334,0.6182393979423881,0.1580949206343397,0.18983368610137408,0.3341594957757322,0.8981151960920236,contact,contact,./data/15_contact.wav
21,1765472967.7655141,0.6070456705870372,0.15828340102513733,0.19019103083547334,0.607203036332417,0.15798481531359737,0.1899290440524105,0.22379587967602094,0.8970141428846004,contact,contact,./data/16_contact.wav
22,1765472970.6508439,0.595934559475926,0.15828340102513733,0.19019103083547334,0.5960990361647356,0.15798716062947668,0.1898720755534017,0.11275587799920664,0.8970375960433935,contact,contact,./data/17_contact.wav
23,1765472973.5140307,0.5848234483648149,0.15828340102513733,0.19019103083547334,0.5849698197017894,0.15800817703833236,0.18993321720333672,0.0014637133697448237,0.8972477601319503,contact,contact,./data/18_contact.wav
26,1765472979.3779988,0.6848234483648149,0.14828340102513732,0.19019103083547334,0.6848116071031861,0.14816707241033414,0.19009485511491353,0.9998815873837121,0.7988367138519681,contact,contact,./data/19_contact.wav
27,1765472982.2355042,0.6737123372537038,0.14828340102513732,0.19019103083547334,0.6738664898628088,0.1482439723522897,0.1901068323671435,0.8904304149799394,0.7996057132715236,no_contact,no_contact,./data/3_no_contact.wav
28,1765472985.1666427,0.6626012261425926,0.14828340102513732,0.19019103083547334,0.6626478902121988,0.1480875363504513,0.18983024543720864,0.7782444184738393,0.7980413532531396,no_contact,no_contact,./data/4_no_contact.wav
29,1765472988.0645952,0.6514901150314816,0.14828340102513732,0.19019103083547334,0.6514699676220341,0.1481511086298256,0.18956730603446825,0.6664651925721922,0.7986770760468828,contact,contact,./data/20_contact.wav
30,1765472990.971694,0.6403790039203705,0.14828340102513732,0.19019103083547334,0.6403251733895396,0.14824305652565145,0.18951663609242453,0.5550172502472474,0.7995965550051412,contact,contact,./data/21_contact.wav
31,1765472993.890692,0.6292678928092593,0.14828340102513732,0.19019103083547334,0.6293695286278721,0.1480976357555732,0.18986289922623886,0.44546080263057186,0.7981423473043586,contact,contact,./data/22_contact.wav
32,1765472996.8337443,0.6181567816981482,0.14828340102513732,0.19019103083547334,0.6183107515966129,0.14809914957904596,0.18992279797493458,0.33487303231797944,0.7981574855390863,no_contact,no_contact,./data/5_no_contact.wav
33,1765472999.7027535,0.6070456705870372,0.14828340102513732,0.19019103083547334,0.6071201396190962,0.14806570319093712,0.18982189254997572,0.22296691254281248,0.7978230216579979,no_contact,no_contact,./data/6_no_contact.wav
34,1765473002.5561419,0.595934559475926,0.14828340102513732,0.19019103083547334,0.5960765575424364,0.1480134358842225,0.18991300572559128,0.11253109177621459,0.7973003485908516,no_contact,no_contact,./data/7_no_contact.wav
35,1765473005.391134,0.5848234483648149,0.14828340102513732,0.19019103083547334,0.584947500081648,0.14802180004149287,0.1898678347582348,0.001240517168330513,0.7973839901635554,contact,contact,./data/23_contact.wav
38,1765473011.2193916,0.6848234483648149,0.13828340102513734,0.19019103083547334,0.6847763329022291,0.1380835785313549,0.19003859164024095,0.9995288453741416,0.6980017750621755,contact,contact,./data/24_contact.wav
39,1765473014.0742514,0.6737123372537038,0.13828340102513734,0.19019103083547334,0.6738548051865789,0.1381473218247194,0.1899918872262516,0.8903135682176402,0.6986392079958206,contact,contact,./data/25_contact.wav
40,1765473016.9501529,0.6626012261425926,0.13828340102513734,0.19019103083547334,0.6626922671683885,0.138038401607325,0.1898761262083159,0.7786881880357357,0.6975500058218767,contact,contact,./data/26_contact.wav
41,1765473019.864391,0.6514901150314816,0.13828340102513734,0.19019103083547334,0.6514790874486831,0.1382844298859953,0.18970422565763387,0.6665563908386819,0.7000102886085796,contact,contact,./data/27_contact.wav
42,1765473022.7380803,0.6403790039203705,0.13828340102513734,0.19019103083547334,0.6403838404214502,0.13815045959207325,0.1897141439116177,0.5556039205663533,0.6986705856693592,contact,contact,./data/28_contact.wav
43,1765473025.7083547,0.6292678928092593,0.13828340102513734,0.19019103083547334,0.6293218890280415,0.13816710197885088,0.18977836794701514,0.44498440663226624,0.6988370095371355,contact,contact,./data/29_contact.wav
44,1765473028.5802007,0.6181567816981482,0.13828340102513734,0.19019103083547334,0.6182431875207844,0.138112373160261,0.18985856325377964,0.33419739155969524,0.6982897213512368,no_contact,no_contact,./data/8_no_contact.wav
45,1765473031.4746578,0.6070456705870372,0.13828340102513734,0.19019103083547334,0.6071672842113969,0.1381304339065513,0.189873524230419,0.22343835846581955,0.6984703288141397,no_contact,no_contact,./data/9_no_contact.wav
46,1765473034.3281698,0.595934559475926,0.13828340102513734,0.19019103083547334,0.5960391415928451,0.13807302922420409,0.18990209553485116,0.1121569322803018,0.6978962819906676,no_contact,no_contact,./data/10_no_contact.wav
47,1765473037.1817584,0.5848234483648149,0.13828340102513734,0.19019103083547334,0.5849234613575665,0.13800257776385297,0.189766881567264,0.0010001299275153033,0.6971917673871564,contact,contact,./data/30_contact.wav
50,1765473043.0803256,0.6848234483648149,0.12828340102513733,0.19019103083547334,0.6848286521241789,0.12820376603709557,0.19020049373030984,1.0000520375936397,0.5992036501195824,contact,contact,./data/31_contact.wav
51,1765473045.9492764,0.6737123372537038,0.12828340102513733,0.19019103083547334,0.6738514452032169,0.12804777703128875,0.1900265456894773,0.8902799683840203,0.5976437600615142,contact,contact,./data/32_contact.wav
52,1765473048.8251445,0.6626012261425926,0.12828340102513733,0.19019103083547334,0.6626702415667729,0.128143187980538,0.1898303428348553,0.77846793201958,0.5985978695540067,contact,contact,./data/33_contact.wav
53,1765473051.7261255,0.6514901150314816,0.12828340102513733,0.19019103083547334,0.6515609046975065,0.12814459089135635,0.18985896333791175,0.6673745633269158,0.5986118986621902,contact,contact,./data/34_contact.wav
54,1765473054.605771,0.6403790039203705,0.12828340102513733,0.19019103083547334,0.6404913060126641,0.1281922977530103,0.18991487033619217,0.5566785764784922,0.5990889672787297,contact,contact,./data/35_contact.wav
55,1765473057.4829063,0.6292678928092593,0.12828340102513733,0.19019103083547334,0.6293921380224691,0.12814395796556874,0.18990504229305083,0.4456868965765416,0.5986055694043141,contact,contact,./data/36_contact.wav
56,1765473060.3549662,0.6181567816981482,0.12828340102513733,0.19019103083547334,0.6182108456742996,0.12809755262792705,0.18974021066873353,0.33387397309484707,0.5981415160278971,no_contact,no_contact,./data/11_no_contact.wav
57,1765473063.2248802,0.6070456705870372,0.12828340102513733,0.19019103083547334,0.6071312614644963,0.12810027408191396,0.18985222636676205,0.22307813099681334,0.5981687305677663,no_contact,no_contact,./data/12_no_contact.wav
58,1765473066.078423,0.595934559475926,0.12828340102513733,0.19019103083547334,0.5960736754518748,0.1280444061035753,0.1899019054889352,0.11250227087059919,0.5976100507843796,no_contact,no_contact,./data/13_no_contact.wav
59,1765473068.9294016,0.5848234483648149,0.12828340102513733,0.19019103083547334,0.5849536550777343,0.1279814717378646,0.18988775747863496,0.001302067129194118,0.5969807071272726,contact,contact,./data/37_contact.wav
62,1765473074.7077224,0.6848234483648149,0.11828340102513733,0.19019103083547334,0.6848810562568178,0.11815002929557938,0.19012203701025063,1.0005760789200293,0.49866628270442054,contact,contact,./data/38_contact.wav
63,1765473077.5831506,0.6737123372537038,0.11828340102513733,0.19019103083547334,0.6737796775465043,0.1181439393483394,0.18979428799988,0.8895622918168935,0.4986053832320207,no_contact,no_contact,./data/14_no_contact.wav
64,1765473080.4632607,0.6626012261425926,0.11828340102513733,0.19019103083547334,0.6626525355639368,0.11821193856092588,0.1897933300005372,0.7782908719912187,0.4992853753578855,no_contact,no_contact,./data/15_no_contact.wav
65,1765473083.332388,0.6514901150314816,0.11828340102513733,0.19019103083547334,0.651522608379333,0.11821355558276256,0.18980108900132278,0.6669916001451804,0.4993015455762523,no_contact,no_contact,./data/16_no_contact.wav
66,1765473086.2105222,0.6403790039203705,0.11828340102513733,0.19019103083547334,0.6404244998334259,0.1181944828188938,0.18984838322203448,0.5560105146861095,0.49911081793756473,no_contact,no_contact,./data/17_no_contact.wav
67,1765473089.082473,0.6292678928092593,0.11828340102513733,0.19019103083547334,0.6293473669906025,0.11819467598937106,0.18981968046888356,0.4452391862578754,0.49911274964233726,contact,contact,./data/39_contact.wav
68,1765473091.9461677,0.6181567816981482,0.11828340102513733,0.19019103083547334,0.6182547268127228,0.11810649925619109,0.1898673212480952,0.33431278447907836,0.49823098231053753,contact,contact,./data/40_contact.wav
69,1765473094.8075526,0.6070456705870372,0.11828340102513733,0.19019103083547334,0.6071215862389756,0.11808153259856248,0.1898034065986767,0.2229813787416069,0.4979813157342515,contact,contact,./data/41_contact.wav
70,1765473097.6651351,0.595934559475926,0.11828340102513733,0.19019103083547334,0.5960802183715543,0.11802959015840245,0.18993121309950592,0.11256770006739417,0.4974618913326512,contact,contact,./data/42_contact.wav
71,1765473100.5079813,0.5848234483648149,0.11828340102513733,0.19019103083547334,0.5849596987337216,0.11802062373930448,0.18990344445406887,0.0013625036890663191,0.4973722271416715,contact,contact,./data/43_contact.wav
74,1765473106.3266048,0.6848234483648149,0.10828340102513734,0.19019103083547334,0.684894007065047,0.10824964485390891,0.19020127370277257,1.000705587002321,0.39966243828771575,contact,contact,./data/44_contact.wav
75,1765473109.2037895,0.6737123372537038,0.10828340102513734,0.19019103083547334,0.6738032708896993,0.10812562164499473,0.18994557350526453,0.8897982252488437,0.398422206198574,no_contact,no_contact,./data/18_no_contact.wav
76,1765473112.0765388,0.6626012261425926,0.10828340102513734,0.19019103083547334,0.6626316232283875,0.1082804302954998,0.18987162510480005,0.7780817486357263,0.3999702927036247,no_contact,no_contact,./data/19_no_contact.wav
77,1765473114.954762,0.6514901150314816,0.10828340102513734,0.19019103083547334,0.6515685429728884,0.10815764298535818,0.18980128187313436,0.6674509460807344,0.3987424196022085,no_contact,no_contact,./data/20_no_contact.wav
78,1765473117.8166234,0.6403790039203705,0.10828340102513734,0.19019103083547334,0.6404759605705855,0.10824018980604419,0.189915609382291,0.5565251220577062,0.3995678878090686,no_contact,no_contact,./data/21_no_contact.wav
79,1765473120.6874185,0.6292678928092593,0.10828340102513734,0.19019103083547334,0.6293976842362707,0.10814739228786854,0.1899613530695475,0.44574235871455825,0.39863991262731213,contact,contact,./data/45_contact.wav
80,1765473123.5534408,0.6181567816981482,0.10828340102513734,0.19019103083547334,0.618160959458494,0.10815718728252843,0.18970325502020322,0.3333751109367911,0.39873786257391103,contact,contact,./data/46_contact.wav
81,1765473126.4050746,0.6070456705870372,0.10828340102513734,0.19019103083547334,0.6071160621608607,0.1080822788002699,0.18985175020750725,0.22292613796045752,0.39798877775132563,contact,contact,./data/47_contact.wav
82,1765473129.2689114,0.595934559475926,0.10828340102513734,0.19019103083547334,0.5960598665099114,0.10811470068041677,0.18985139131420278,0.11236418145096463,0.3983129965527944,contact,contact,./data/48_contact.wav
83,1765473132.132835,0.5848234483648149,0.10828340102513734,0.19019103083547334,0.5849485034734812,0.10801311773870192,0.18992927020848913,0.0012505510866622773,0.39729716713564595,contact,contact,./data/49_contact.wav
86,1765473137.9609106,0.6848234483648149,0.09828340102513734,0.19019103083547334,0.6848751744259405,0.09844559823286692,0.1902255642126083,1.0005172606112558,0.30162197207729585,contact,contact,./data/50_contact.wav
87,1765473140.8318744,0.6737123372537038,0.09828340102513734,0.19019103083547334,0.6738192176281679,0.09822284915053493,0.18998504400921432,0.8899576926335298,0.299394481253976,no_contact,no_contact,./data/22_no_contact.wav
88,1765473143.708377,0.6626012261425926,0.09828340102513734,0.19019103083547334,0.6626921414333584,0.09819076823933627,0.18994949282796134,0.7786869306854352,0.2990736721419894,no_contact,no_contact,./data/23_no_contact.wav
89,1765473146.5726001,0.6514901150314816,0.09828340102513734,0.19019103083547334,0.6516278016252768,0.09817550265910054,0.1899661576173479,0.6680435326046187,0.29892101633963203,no_contact,no_contact,./data/24_no_contact.wav
90,1765473149.4326396,0.6403790039203705,0.09828340102513734,0.19019103083547334,0.6404507611740351,0.09820904639281446,0.18984940562144426,0.5562731280922019,0.29925645367677123,no_contact,no_contact,./data/25_no_contact.wav
91,1765473152.2921813,0.6292678928092593,0.09828340102513734,0.19019103083547334,0.6293675195760868,0.09819318079479195,0.1899291285037584,0.4454407121127192,0.29909779769654615,contact,contact,./data/51_contact.wav
92,1765473155.1427255,0.6181567816981482,0.09828340102513734,0.19019103083547334,0.618182230971825,0.09812126699210603,0.1897536477219218,0.3335878260701009,0.298378659669687,contact,contact,./data/52_contact.wav
93,1765473157.9886096,0.6070456705870372,0.09828340102513734,0.19019103083547334,0.6071124418968037,0.09813817055463125,0.18987234879839535,0.2228899353198877,0.29854769529493924,contact,contact,./data/53_contact.wav
94,1765473160.817118,0.595934559475926,0.09828340102513734,0.19019103083547334,0.5960140347498356,0.09804861694795053,0.18976646318531448,0.11190586385020687,0.297652159228132,no_contact,no_contact,./data/26_no_contact.wav
95,1765473163.6399808,0.5848234483648149,0.09828340102513734,0.19019103083547334,0.5849392587259853,0.09806816903561065,0.18993268045338726,0.0011581036117036538,0.29784768010473317,contact,contact,./data/54_contact.wav
98,1765473169.4224987,0.6848234483648149,0.08828340102513732,0.19019103083547334,0.6849165150957244,0.08830487785893669,0.1903188134233769,1.0009306673090947,0.2002147683379936,contact,contact,./data/55_contact.wav
99,1765473172.2773862,0.6737123372537038,0.08828340102513732,0.19019103083547334,0.6738606189038496,0.08821075021290549,0.1901118229606446,0.8903717053903473,0.1992734918776816,no_contact,no_contact,./data/27_no_contact.wav
100,1765473175.1373026,0.6626012261425926,0.08828340102513732,0.19019103083547334,0.6626259639217175,0.08816345749933671,0.18976554282077923,0.7780251555690256,0.1988005647419938,no_contact,no_contact,./data/28_no_contact.wav
101,1765473177.9950576,0.6514901150314816,0.08828340102513732,0.19019103083547334,0.6516435048519869,0.08808098887348677,0.19000520424680872,0.6682005648717194,0.19797587848349438,no_contact,no_contact,./data/29_no_contact.wav
102,1765473180.853093,0.6403790039203705,0.08828340102513732,0.19019103083547334,0.6405128594803516,0.08806723187093272,0.18998516111337993,0.5568941111553672,0.19783830845795394,no_contact,no_contact,./data/30_no_contact.wav
103,1765473183.7031293,0.6292678928092593,0.08828340102513732,0.19019103083547334,0.6293700870993438,0.08810346740804953,0.1898664615548007,0.4454663873452892,0.198200663829122,contact,contact,./data/56_contact.wav
104,1765473186.5455956,0.6181567816981482,0.08828340102513732,0.19019103083547334,0.6182476188940111,0.08806580305200022,0.18987082562358748,0.33424170529196223,0.19782402026862891,contact,contact,./data/57_contact.wav
105,1765473189.3722067,0.6070456705870372,0.08828340102513732,0.19019103083547334,0.6071373167536149,0.08808501080912107,0.18986085537411626,0.22313868388800012,0.19801609783983737,contact,contact,./data/58_contact.wav
106,1765473192.1861398,0.595934559475926,0.08828340102513732,0.19019103083547334,0.5960341031062424,0.08806073224154616,0.18988062874399733,0.11210654741427464,0.1977733121640883,contact,contact,./data/59_contact.wav
107,1765473194.978014,0.5848234483648149,0.08828340102513732,0.19019103083547334,0.5849615452766284,0.088049448326624,0.1899271317491217,0.0013809691181343455,0.19766047301486664,contact,contact,./data/60_contact.wav
110,1765473200.671877,0.6848234483648149,0.07828340102513733,0.19019103083547334,0.6848943777171184,0.07840154955218008,0.1902161357315935,1.0007092935230346,0.1011814852704275,contact,contact,./data/61_contact.wav
111,1765473203.5205004,0.6737123372537038,0.07828340102513733,0.19019103083547334,0.6738158475912868,0.07825008758536113,0.19001983810727063,0.8899239922647186,0.099666865602238,contact,contact,./data/62_contact.wav
112,1765473206.3652136,0.6626012261425926,0.07828340102513733,0.19019103083547334,0.66273017338554,0.0782099516954687,0.19007470611731095,0.7790672502072507,0.09926550670331366,contact,contact,./data/63_contact.wav
113,1765473209.2034795,0.6514901150314816,0.07828340102513733,0.19019103083547334,0.6516113656606002,0.07813029730159624,0.1900014947274336,0.6678791729578527,0.09846896276458905,contact,contact,./data/64_contact.wav
114,1765473212.0417686,0.6403790039203705,0.07828340102513733,0.19019103083547334,0.6405398280115961,0.07807102218011436,0.19002739028514526,0.5571637964678123,0.09787621154977028,contact,contact,./data/65_contact.wav
115,1765473214.902635,0.6292678928092593,0.07828340102513733,0.19019103083547334,0.6293646476388506,0.07805485037125073,0.18985381889455144,0.4454119927403567,0.09771449346113403,contact,contact,./data/66_contact.wav
116,1765473217.7120585,0.6181567816981482,0.07828340102513733,0.19019103083547334,0.6182862560390658,0.07805039369088973,0.18994764604939585,0.3346280767425092,0.097669926657524,contact,contact,./data/67_contact.wav
117,1765473220.5053287,0.6070456705870372,0.07828340102513733,0.19019103083547334,0.6071851045222754,0.07806804464419029,0.18995234310977738,0.22361656157460447,0.09784643619052957,contact,contact,./data/68_contact.wav
118,1765473223.3015335,0.595934559475926,0.07828340102513733,0.19019103083547334,0.596114969859102,0.0780773577580584,0.18998483320278425,0.1129152149428703,0.09793956732921064,contact,contact,./data/69_contact.wav
119,1765473226.0923035,0.5848234483648149,0.07828340102513733,0.19019103083547334,0.5849788129958621,0.0780525959284235,0.18991948698313973,0.001553646310471502,0.09769194903286163,contact,contact,./data/70_contact.wav
122,1765473231.7687323,0.6848234483648149,0.06828340102513733,0.19019103083547334,0.6848486362609312,0.06828202772977013,0.19012949086241518,1.0002518789611627,-1.3732953672018766e-05,contact,contact,./data/71_contact.wav
123,1765473234.574795,0.6737123372537038,0.06828340102513733,0.19019103083547334,0.6738584448411328,0.06800525217871517,0.1900155466037998,0.8903499647631787,-0.0027814884642216042,contact,contact,./data/72_contact.wav
124,1765473237.383547,0.6626012261425926,0.06828340102513733,0.19019103083547334,0.6627359467111067,0.06794695777101631,0.19001281461005873,0.7791249834629179,-0.003364432541210216,contact,contact,./data/73_contact.wav
125,1765473240.2143824,0.6514901150314816,0.06828340102513733,0.19019103083547334,0.6516901416032101,0.06787905200500799,0.19005096676588065,0.6686669323839524,-0.004043490201293409,contact,contact,./data/74_contact.wav
126,1765473243.0089188,0.6403790039203705,0.06828340102513733,0.19019103083547334,0.6405404140915646,0.06786398203980093,0.18999951667925524,0.5571696572674968,-0.004194189853364005,contact,contact,./data/75_contact.wav
127,1765473245.7991903,0.6292678928092593,0.06828340102513733,0.19019103083547334,0.6294209047516859,0.06790680570982299,0.18998608234004455,0.4459745638687097,-0.0037659531531433754,contact,contact,./data/76_contact.wav
128,1765473248.590535,0.6181567816981482,0.06828340102513733,0.19019103083547334,0.6183374952851689,0.0679408914228236,0.18992478634501225,0.33514046920353985,-0.003425096023137314,contact,contact,./data/77_contact.wav
129,1765473251.389746,0.6070456705870372,0.06828340102513733,0.19019103083547334,0.607226615041485,0.06795584375651167,0.190033654795995,0.2240316667667009,-0.003275572686256556,contact,contact,./data/78_contact.wav
130,1765473254.1841357,0.595934559475926,0.06828340102513733,0.19019103083547334,0.5961091937899059,0.06802352467010114,0.18996760550109526,0.11285745425090979,-0.002598763550361871,contact,contact,./data/79_contact.wav
131,1765473256.9914896,0.5848234483648149,0.06828340102513733,0.19019103083547334,0.5849530028330585,0.06801669944660797,0.18986324878947067,0.0012955446824358676,-0.002667015785293575,contact,contact,./data/80_contact.wav
2,1765473275.692252,0.6848234483648149,0.16828340102513734,0.19019103083547334,0.6848284253052668,0.16808004898761428,0.19009660092814717,1.0000497694045187,0.9979664796247695,contact,contact,./data/81_contact.wav
3,1765473278.544279,0.6737123372537038,0.16828340102513734,0.19019103083547334,0.6738494217365039,0.1680305522685869,0.18995628812495458,0.8902597337168896,0.9974715124344957,contact,contact,./data/82_contact.wav
4,1765473281.4227045,0.6626012261425926,0.16828340102513734,0.19019103083547334,0.6627292469664199,0.16806103653691043,0.18993313322301428,0.7790579860160498,0.997776355117731,contact,contact,./data/83_contact.wav
5,1765473284.3160844,0.6514901150314816,0.16828340102513734,0.19019103083547334,0.6515872701582455,0.1680847060162816,0.18989908585342377,0.6676382179343056,0.9980130499114426,contact,contact,./data/84_contact.wav
6,1765473287.2039335,0.6403790039203705,0.16828340102513734,0.19019103083547334,0.6405575578636233,0.16796538275409806,0.18994223107866012,0.5573410949880843,0.9968198172896072,contact,contact,./data/85_contact.wav
7,1765473290.0729375,0.6292678928092593,0.16828340102513734,0.19019103083547334,0.6294079833494324,0.16797717767317788,0.18991140236033457,0.44584534984617463,0.9969377664804054,contact,contact,./data/86_contact.wav
8,1765473292.9518023,0.6181567816981482,0.16828340102513734,0.19019103083547334,0.6183155774142038,0.16798213197186443,0.18991174826953966,0.33492129049388925,0.996987309467271,contact,contact,./data/87_contact.wav
9,1765473295.8330162,0.6070456705870372,0.16828340102513734,0.19019103083547334,0.6072042740164103,0.1678976601239256,0.18983501920824658,0.22380825651595387,0.9961425909878826,contact,contact,./data/88_contact.wav
10,1765473298.6983669,0.595934559475926,0.16828340102513734,0.19019103083547334,0.5961139473786998,0.1678663677863928,0.18995360729464672,0.11290499013884905,0.9958296676125546,contact,contact,./data/89_contact.wav
11,1765473301.5671084,0.5848234483648149,0.16828340102513734,0.19019103083547334,0.5849974506979528,0.16795721148544243,0.189939793134063,0.0017400233313791262,0.996738104603051,contact,contact,./data/90_contact.wav
14,1765473307.409775,0.6848234483648149,0.15828340102513733,0.19019103083547334,0.6847777006031392,0.15813844546084185,0.18997047461233654,0.9995425223832435,0.8985504443570452,contact,contact,./data/91_contact.wav
15,1765473310.255918,0.6737123372537038,0.15828340102513733,0.19019103083547334,0.6738250832505209,0.15808948585758695,0.18993248980681285,0.8900163488570603,0.8980608483244962,no_contact,no_contact,./data/31_no_contact.wav
16,1765473313.1373706,0.6626012261425926,0.15828340102513733,0.19019103083547334,0.662690851724659,0.15804704667931097,0.1898006334996182,0.7786740335984412,0.8976364565417363,no_contact,no_contact,./data/32_no_contact.wav
17,1765473316.0326245,0.6514901150314816,0.15828340102513733,0.19019103083547334,0.6515673127366082,0.1580446558958252,0.18981497406252154,0.6674386437179326,0.8976125487068787,contact,contact,./data/92_contact.wav
18,1765473318.9205732,0.6403790039203705,0.15828340102513733,0.19019103083547334,0.640490770531183,0.1580303749547412,0.18985449216886807,0.5566732216636806,0.8974697392960387,contact,contact,./data/93_contact.wav
19,1765473321.8325734,0.6292678928092593,0.15828340102513733,0.19019103083547334,0.6293572655772934,0.15817602180769555,0.18983947939659038,0.4453381721247852,0.8989262078255822,contact,contact,./data/94_contact.wav
20,1765473324.7201183,0.6181567816981482,0.15828340102513733,0.19019103083547334,0.6182272176714008,0.15809628513078158,0.1898170890573728,0.33403769306585845,0.8981288410564425,contact,contact,./data/95_contact.wav
21,1765473327.6068807,0.6070456705870372,0.15828340102513733,0.19019103083547334,0.6072027530765539,0.1579584323181952,0.18991952231817522,0.22379304711738995,0.8967503129305787,contact,contact,./data/96_contact.wav
22,1765473330.4611275,0.595934559475926,0.15828340102513733,0.19019103083547334,0.5961165332547135,0.15789447309884533,0.18985798134750023,0.11293084889898555,0.89611072073708,contact,contact,./data/97_contact.wav
23,1765473333.3257592,0.5848234483648149,0.15828340102513733,0.19019103083547334,0.5849857872616345,0.15797470787873488,0.1899541048347125,0.0016233889681960272,0.8969130685359755,contact,contact,./data/98_contact.wav
26,1765473339.1805499,0.6848234483648149,0.14828340102513732,0.19019103083547334,0.6848315452648768,0.1480859889595291,0.1901379545873528,1.0000809690006187,0.7980258793439177,contact,contact,./data/99_contact.wav
27,1765473341.9768112,0.6737123372537038,0.14828340102513732,0.19019103083547334,0.6738709706614203,0.14830055686901764,0.19011625384194258,0.8904752229660542,0.800171558438803,no_contact,no_contact,./data/33_no_contact.wav
28,1765473344.846033,0.6626012261425926,0.14828340102513732,0.19019103083547334,0.6626558846129946,0.14811177256424204,0.1897943479178059,0.7783243624817973,0.7982837153910471,no_contact,no_contact,./data/34_no_contact.wav
29,1765473347.8603933,0.6514901150314816,0.14828340102513732,0.19019103083547334,0.6514966704491612,0.1481153401135417,0.18958672650521788,0.6667322208434624,0.7983193908840436,contact,contact,./data/100_contact.wav
30,1765473350.7577052,0.6403790039203705,0.14828340102513732,0.19019103083547334,0.6403273573915261,0.1481826253240704,0.18951339225469188,0.5550390902671122,0.7989922429893306,contact,contact,./data/101_contact.wav
31,1765473353.6347964,0.6292678928092593,0.14828340102513732,0.19019103083547334,0.6293601150518973,0.14807661010607165,0.18982592070325013,0.4453666668708235,0.7979320908093431,contact,contact,./data/102_contact.wav
32,1765473356.5306566,0.6181567816981482,0.14828340102513732,0.19019103083547334,0.6183029382053514,0.1480542233454594,0.18989061382217895,0.3347948984053651,0.7977082232032207,no_contact,no_contact,./data/35_no_contact.wav
33,1765473359.4207091,0.6070456705870372,0.14828340102513732,0.19019103083547334,0.6071586529066114,0.1480296940421936,0.18983913167207872,0.223352045417965,0.7974629301705627,no_contact,no_contact,./data/36_no_contact.wav
34,1765473362.304589,0.595934559475926,0.14828340102513732,0.19019103083547334,0.5960821767547424,0.14796598292795396,0.18988421659429303,0.11258728389927478,0.7968258190281663,no_contact,no_contact,./data/37_no_contact.wav
35,1765473365.1805189,0.5848234483648149,0.14828340102513732,0.19019103083547334,0.5849199687645047,0.14804277232726026,0.18984143860025068,0.0009652039968977013,0.7975937130212293,contact,contact,./data/103_contact.wav
38,1765473371.031511,0.6848234483648149,0.13828340102513734,0.19019103083547334,0.6848478884643232,0.13801686721332473,0.19010983783475993,1.000244400995083,0.697334661881874,contact,contact,./data/104_contact.wav
39,1765473373.8474627,0.6737123372537038,0.13828340102513734,0.19019103083547334,0.6738839011296107,0.1384146422441862,0.19013634781397304,0.8906045276479582,0.7013124121904887,no_contact,no_contact,./data/38_no_contact.wav
40,1765473376.7407734,0.6626012261425926,0.13828340102513734,0.19019103083547334,0.6626793185238804,0.13803991624179696,0.189881482317409,0.778558701590655,0.6975651521665962,contact,contact,./data/105_contact.wav
41,1765473379.6424387,0.6514901150314816,0.13828340102513734,0.19019103083547334,0.6514634323127128,0.1383132058545419,0.18969290451850518,0.6663998394789784,0.7002980482940457,contact,contact,./data/106_contact.wav
42,1765473382.5459886,0.6403790039203705,0.13828340102513734,0.19019103083547334,0.6403714177052496,0.13820107506113696,0.18965875890956477,0.5554796934043472,0.6991767403599963,contact,contact,./data/107_contact.wav
43,1765473385.440038,0.6292678928092593,0.13828340102513734,0.19019103083547334,0.6293303392105859,0.13816859175518562,0.18978411750621685,0.44506890845770986,0.6988519073004829,contact,contact,./data/108_contact.wav
44,1765473388.342149,0.6181567816981482,0.13828340102513734,0.19019103083547334,0.6182502404768739,0.13811371099778497,0.18985839604686341,0.3342679211205902,0.6983030997264763,no_contact,no_contact,./data/39_no_contact.wav
45,1765473391.225723,0.6070456705870372,0.13828340102513734,0.19019103083547334,0.6071679463499426,0.13811561505142503,0.18985000516699432,0.22344497985127726,0.698322140262877,no_contact,no_contact,./data/40_no_contact.wav
46,1765473394.1099193,0.595934559475926,0.13828340102513734,0.19019103083547334,0.5960667786580537,0.13803832761910825,0.1899153677097789,0.11243330293238765,0.6975492659397092,no_contact,no_contact,./data/41_no_contact.wav
47,1765473396.9761736,0.5848234483648149,0.13828340102513734,0.19019103083547334,0.5849165744357743,0.13800349406950918,0.18974772072553325,0.0009312607095934846,0.6972009304437184,contact,contact,./data/109_contact.wav
50,1765473402.8180237,0.6848234483648149,0.12828340102513733,0.19019103083547334,0.6848206329122242,0.12815810363458113,0.19021658457192564,0.9999718454740927,0.598747026094438,contact,contact,./data/110_contact.wav
51,1765473405.6960123,0.6737123372537038,0.12828340102513733,0.19019103083547334,0.6738479972815573,0.12810111853171605,0.19000725786938016,0.8902454891674241,0.5981771750657872,contact,contact,./data/111_contact.wav
52,1765473408.588769,0.6626012261425926,0.12828340102513733,0.19019103083547334,0.6626782233001414,0.12820669302011442,0.18982252877566017,0.7785477493532647,0.5992329199497709,contact,contact,./data/112_contact.wav
53,1765473411.4884303,0.6514901150314816,0.12828340102513733,0.19019103083547334,0.6515834557776806,0.12819897889267734,0.1898627305303218,0.6676000741286571,0.5991557786754,contact,contact,./data/113_contact.wav
54,1765473414.3905764,0.6403790039203705,0.12828340102513733,0.19019103083547334,0.6404891147826759,0.1282194230920222,0.18992705271477162,0.5566566641786098,0.5993602206688486,contact,contact,./data/114_contact.wav
55,1765473417.278386,0.6292678928092593,0.12828340102513733,0.19019103083547334,0.6293312944100047,0.12817429767908778,0.18985518593594988,0.4450784604518977,0.5989089665395044,contact,contact,./data/115_contact.wav
56,1765473420.1753392,0.6181567816981482,0.12828340102513733,0.19019103083547334,0.6182049437156725,0.12812985916120456,0.18973384599556298,0.33381495350857554,0.5984645813606723,no_contact,no_contact,./data/42_no_contact.wav
57,1765473423.056809,0.6070456705870372,0.12828340102513733,0.19019103083547334,0.6071242055534583,0.12812218919417964,0.18983223446616784,0.22300757188643333,0.5983878816904231,no_contact,no_contact,./data/43_no_contact.wav
58,1765473425.9412665,0.595934559475926,0.12828340102513733,0.19019103083547334,0.5960633543968539,0.12811874570128004,0.18989340509164035,0.11239906032038952,0.5983534467614271,no_contact,no_contact,./data/44_no_contact.wav
59,1765473428.8111296,0.5848234483648149,0.12828340102513733,0.19019103083547334,0.5849486228387828,0.1280285481196964,0.18988089867315097,0.0012517447396787065,0.5974514709455908,contact,contact,./data/116_contact.wav
62,1765473434.6378877,0.6848234483648149,0.11828340102513733,0.19019103083547334,0.6848136118438379,0.11812582946391803,0.19003378578082056,0.9999016347902303,0.498424284387807,contact,contact,./data/117_contact.wav
63,1765473437.5313478,0.6737123372537038,0.11828340102513733,0.19019103083547334,0.6737383925550646,0.11823172430299358,0.18979541568497016,0.8891494419024972,0.49948323277856255,no_contact,no_contact,./data/45_no_contact.wav
64,1765473440.4313095,0.6626012261425926,0.11828340102513733,0.19019103083547334,0.6626525510199514,0.11813783395120792,0.1898199378670723,0.7782910265513645,0.49854432926070585,no_contact,no_contact,./data/46_no_contact.wav
65,1765473443.3319595,0.6514901150314816,0.11828340102513733,0.19019103083547334,0.6515594097374224,0.11811612995352777,0.18985800417384063,0.6673596137260752,0.4983272892839044,no_contact,no_contact,./data/47_no_contact.wav
66,1765473446.2336903,0.6403790039203705,0.11828340102513733,0.19019103083547334,0.640446619306058,0.11815830845468625,0.18982801406432157,0.5562317094124304,0.4987490742954892,no_contact,no_contact,./data/48_no_contact.wav
67,1765473449.1286278,0.6292678928092593,0.11828340102513733,0.19019103083547334,0.6293299629747069,0.11814796273745927,0.18978129495780643,0.4450651460989198,0.49864561712321936,contact,contact,./data/118_contact.wav
68,1765473452.0256321,0.6181567816981482,0.11828340102513733,0.19019103083547334,0.6183065867241967,0.11816613077007672,0.18993974406865372,0.33483138359381776,0.49882729744939386,contact,contact,./data/119_contact.wav
69,1765473454.9076219,0.6070456705870372,0.11828340102513733,0.19019103083547334,0.6071081718159858,0.11815376210088237,0.18978853031919327,0.22284723451170835,0.49870361075745034,contact,contact,./data/120_contact.wav
70,1765473457.7813017,0.595934559475926,0.11828340102513733,0.19019103083547334,0.5960527106449552,0.11812091875599638,0.18991087029035192,0.1122926228014032,0.4983751773085905,contact,contact,./data/121_contact.wav
71,1765473460.6505857,0.5848234483648149,0.11828340102513733,0.19019103083547334,0.5849428527294466,0.11808700060636303,0.18989023162355342,0.0011940436463164785,0.49803599581225694,contact,contact,./data/122_contact.wav
74,1765473466.4938073,0.6848234483648149,0.10828340102513734,0.19019103083547334,0.6848622954482675,0.10819630783125431,0.19015330386843657,1.0003884708345259,0.39912906806116977,contact,contact,./data/123_contact.wav
2,1765473478.8010082,0.6848234483648149,0.16828340102513734,0.19019103083547334,0.6848415675375025,0.16829182439466045,0.19028176627144375,1.0001811917268757,1.0000842336952311,contact,contact,./data/124_contact.wav
3,1765473481.6620796,0.6737123372537038,0.16828340102513734,0.19019103083547334,0.6738994742991263,0.16780121631577832,0.18982395540502187,0.8907602593431143,0.9951781529064099,contact,contact,./data/125_contact.wav
4,1765473484.547099,0.6626012261425926,0.16828340102513734,0.19019103083547334,0.6627407306809949,0.16798738577513855,0.18992982991602242,0.7791728231618003,0.9970398475000122,contact,contact,./data/126_contact.wav
5,1765473487.43991,0.6514901150314816,0.16828340102513734,0.19019103083547334,0.651653192824799,0.16793480473953373,0.1899663266070893,0.6682974445998414,0.996514037143964,contact,contact,./data/127_contact.wav
6,1765473490.316593,0.6403790039203705,0.16828340102513734,0.19019103083547334,0.6405490682455639,0.1678396787413704,0.18987781796947029,0.5572561988074899,0.9955627771623307,contact,contact,./data/128_contact.wav
7,1765473493.203205,0.6292678928092593,0.16828340102513734,0.19019103083547334,0.6294451172549664,0.1679525438273639,0.18994206074811726,0.4462166889015152,0.9966914280222657,contact,contact,./data/129_contact.wav
8,1765473496.0820987,0.6181567816981482,0.16828340102513734,0.19019103083547334,0.6183131666854934,0.16783401107197451,0.18987307407778295,0.3348971832067849,0.9955061004683718,contact,contact,./data/130_contact.wav
9,1765473498.9498365,0.6070456705870372,0.16828340102513734,0.19019103083547334,0.6072280190465209,0.16777907168566064,0.1898246206696276,0.22404570681705988,0.994956706605233,contact,contact,./data/131_contact.wav
10,1765473501.8061686,0.595934559475926,0.16828340102513734,0.19019103083547334,0.5960868088938203,0.16791309497894943,0.18992582581226028,0.11263360529005342,0.996296939538121,contact,contact,./data/132_contact.wav
11,1765473504.6596441,0.5848234483648149,0.16828340102513734,0.19019103083547334,0.5849952002900545,0.16787904111314958,0.18992536497793713,0.0017175192523954945,0.9959564008801225,contact,contact,./data/133_contact.wav
14,1765473510.4973142,0.6848234483648149,0.15828340102513733,0.19019103083547334,0.6847941877179466,0.1581409622021097,0.18997723722542176,0.9997073935313174,0.8985756117697236,contact,contact,./data/134_contact.wav
2,1765473522.985118,0.6848234483648149,0.16828340102513734,0.19019103083547334,0.6848308988361438,0.16825058228483275,0.19015126240858368,1.0000745047132888,0.9996718125969541,contact,contact,./data/135_contact.wav
3,1765473525.852935,0.6737123372537038,0.16828340102513734,0.19019103083547334,0.6739265971578381,0.1678999974878175,0.19000105222277805,0.8910314879302319,0.9961659646268017,contact,contact,./data/136_contact.wav
4,1765473528.729323,0.6626012261425926,0.16828340102513734,0.19019103083547334,0.6627486236714052,0.16795726587674392,0.1899166817134694,0.7792517530659029,0.9967386485160659,contact,contact,./data/137_contact.wav
5,1765473531.6217806,0.6514901150314816,0.16828340102513734,0.19019103083547334,0.6516485677231412,0.167951352067992,0.18997243911134534,0.6682511935832626,0.9966795104285466,contact,contact,./data/138_contact.wav
6,1765473534.5042171,0.6403790039203705,0.16828340102513734,0.19019103083547334,0.6405384125999686,0.16787938265587207,0.18987787092036273,0.5571496423515366,0.9959598163073474,contact,contact,./data/139_contact.wav
7,1765473537.383108,0.6292678928092593,0.16828340102513734,0.19019103083547334,0.6294323915982423,0.16801052167256847,0.189946526055329,0.44608943233427356,0.9972712064743113,contact,contact,./data/140_contact.wav
8,1765473540.2687554,0.6181567816981482,0.16828340102513734,0.19019103083547334,0.6182963930427814,0.16790928075105396,0.1898734982438559,0.3347294467796647,0.9962587972591663,contact,contact,./data/141_contact.wav
9,1765473543.1586478,0.6070456705870372,0.16828340102513734,0.19019103083547334,0.607215147892955,0.16783459133731132,0.18982712537005042,0.22391699528140135,0.9955119031217399,contact,contact,./data/142_contact.wav
10,1765473546.0146983,0.595934559475926,0.16828340102513734,0.19019103083547334,0.5960790206869799,0.16793862812997656,0.18991981076842543,0.11255572322165011,0.9965522710483923,contact,contact,./data/143_contact.wav
11,1765473548.8667083,0.5848234483648149,0.16828340102513734,0.19019103083547334,0.5849834792872655,0.16787008874254666,0.18990020742910665,0.0016003092245053811,0.9958668771740933,contact,contact,./data/144_contact.wav
14,1765473554.6996403,0.6848234483648149,0.15828340102513733,0.19019103083547334,0.684793426303126,0.15814734825558638,0.18997533994357618,0.999699779383111,0.8986394723044905,contact,contact,./data/145_contact.wav
15,1765473557.5737195,0.6737123372537038,0.15828340102513733,0.19019103083547334,0.6738528570786031,0.15820201477683946,0.1899704270757478,0.8902940871378819,0.8991861375170213,no_contact,no_contact,./data/49_no_contact.wav
16,1765473560.468187,0.6626012261425926,0.15828340102513733,0.19019103083547334,0.6626675976556516,0.1581572788717133,0.1897964069109316,0.7784414929083674,0.8987387784657597,no_contact,no_contact,./data/50_no_contact.wav
17,1765473563.3598337,0.6514901150314816,0.15828340102513733,0.19019103083547334,0.6515560406743446,0.15808552121130606,0.1897695028320439,0.6673259230952967,0.8980212018616873,contact,contact,./data/146_contact.wav
18,1765473566.2536268,0.6403790039203705,0.15828340102513733,0.19019103083547334,0.6404841019010005,0.15799310095826538,0.1898053230870265,0.5566065353618556,0.8970969993312805,contact,contact,./data/147_contact.wav
19,1765473569.1395004,0.6292678928092593,0.15828340102513733,0.19019103083547334,0.6293995878092743,0.15809133180714346,0.18990014997829388,0.44576139444459384,0.8980793078200613,contact,contact,./data/148_contact.wav
20,1765473572.0226772,0.6181567816981482,0.15828340102513733,0.19019103083547334,0.6182696663206877,0.1579920870948976,0.18982827858341897,0.33446217955872776,0.8970868606976026,contact,contact,./data/149_contact.wav
21,1765473574.9103813,0.6070456705870372,0.15828340102513733,0.19019103083547334,0.6072191088082124,0.15796192026556322,0.18991787643458538,0.22395660443397475,0.8967851924042588,contact,contact,./data/150_contact.wav
22,1765473577.7821743,0.595934559475926,0.15828340102513733,0.19019103083547334,0.5960962628097167,0.15799152977757633,0.18985471580531788,0.11272814444901805,0.89708128752439,contact,contact,./data/151_contact.wav
23,1765473580.6527944,0.5848234483648149,0.15828340102513733,0.19019103083547334,0.5849533915195477,0.15793523428759854,0.18990997588555775,0.001299431547328034,0.896518332624612,contact,contact,./data/152_contact.wav
26,1765473586.4934082,0.6848234483648149,0.14828340102513732,0.19019103083547334,0.6847914938338946,0.14815068624238636,0.1900779994300938,0.9996804546907969,0.7986728521724903,contact,contact,./data/153_contact.wav
27,1765473589.3634877,0.6737123372537038,0.14828340102513732,0.19019103083547334,0.6738793661905361,0.14817345106177746,0.1900696165377139,0.8905591782572122,0.7989005003664013,no_contact,no_contact,./data/51_no_contact.wav
28,1765473592.2486854,0.6626012261425926,0.14828340102513732,0.19019103083547334,0.6627070299438325,0.14802350321904303,0.18991381451840972,0.7788358157901756,0.797401021939057,no_contact,no_contact,./data/52_no_contact.wav
29,1765473595.1488023,0.6514901150314816,0.14828340102513732,0.19019103083547334,0.6514532102326859,0.14815382948517405,0.18955408136626287,0.6662976186787096,0.7987042846003672,contact,contact,./data/154_contact.wav
30,1765473598.0450046,0.6403790039203705,0.14828340102513732,0.19019103083547334,0.6403513452282033,0.14818758031322707,0.18956919473123765,0.5552789686338834,0.7990417928808974,contact,contact,./data/155_contact.wav
31,1765473600.943542,0.6292678928092593,0.14828340102513732,0.19019103083547334,0.6293323904003485,0.1481348265987355,0.18983382929837525,0.44508942035533583,0.7985142557359817,contact,contact,./data/156_contact.wav
32,1765473603.8333447,0.6181567816981482,0.14828340102513732,0.19019103083547334,0.6183115706495945,0.1480862867790417,0.1899386888807176,0.33488122284779603,0.7980288575390437,no_contact,no_contact,./data/53_no_contact.wav
33,1765473606.7263322,0.6070456705870372,0.14828340102513732,0.19019103083547334,0.6071405657933463,0.1480640384454769,0.1898386743561327,0.2231711742853138,0.7978063742033955,no_contact,no_contact,./data/54_no_contact.wav
34,1765473609.5977874,0.595934559475926,0.14828340102513732,0.19019103083547334,0.5960808336274983,0.14799608463587127,0.18991921185905083,0.11257385262683386,0.7971268361073394,no_contact,no_contact,./data/55_no_contact.wav
35,1765473612.463128,0.5848234483648149,0.14828340102513732,0.19019103083547334,0.5849892349095981,0.14794901656991846,0.18988107466195434,0.0016578654478316417,0.7966561554478113,contact,contact,./data/157_contact.wav
38,1765473618.2958055,0.6848234483648149,0.13828340102513734,0.19019103083547334,0.6847745035465792,0.13817587783714647,0.1900215560603947,0.999510551817643,0.6989247681200913,contact,contact,./data/158_contact.wav
39,1765473621.1703339,0.6737123372537038,0.13828340102513734,0.19019103083547334,0.67382173041623,0.13811081182660398,0.18993597171153753,0.8899828205141505,0.6982741080146665,contact,contact,./data/159_contact.wav
40,1765473624.0654504,0.6626012261425926,0.13828340102513734,0.19019103083547334,0.6627196782729038,0.13812896118174126,0.18989660753385176,0.7789622990808889,0.6984556015660393,contact,contact,./data/160_contact.wav
41,1765473626.9620497,0.6514901150314816,0.13828340102513734,0.19019103083547334,0.6515233533052187,0.13831583592931287,0.18978677656607118,0.666999049404038,0.7003243490417554,contact,contact,./data/161_contact.wav
42,1765473629.8543837,0.6403790039203705,0.13828340102513734,0.19019103083547334,0.6403776316490628,0.13825775481710556,0.18972584758280717,0.5555418328424789,0.6997435379196822,contact,contact,./data/162_contact.wav
43,1765473632.75543,0.6292678928092593,0.13828340102513734,0.19019103083547334,0.6293020050596185,0.13807969515386934,0.1897102301586682,0.44478556694803617,0.6979629412873201,contact,contact,./data/163_contact.wav
44,1765473635.6424053,0.6181567816981482,0.13828340102513734,0.19019103083547334,0.6182777317581966,0.13809349058475187,0.18987999984911313,0.3345428339338164,0.6981008955961454,no_contact,no_contact,./data/56_no_contact.wav
45,1765473638.5283353,0.6070456705870372,0.13828340102513734,0.19019103083547334,0.6071665574979157,0.1380964078232801,0.18987155916844908,0.22343109133100786,0.6981300679814275,no_contact,no_contact,./data/57_no_contact.wav
46,1765473641.4286404,0.595934559475926,0.13828340102513734,0.19019103083547334,0.5960264576407266,0.1380461880710578,0.1898823224423314,0.11203009275911671,0.6976278704592048,no_contact,no_contact,./data/58_no_contact.wav
47,1765473644.2948084,0.5848234483648149,0.13828340102513734,0.19019103083547334,0.5849249571295196,0.13797947227044238,0.18974488429813605,0.001015087647047164,0.6969607124530505,contact,contact,./data/164_contact.wav
50,1765473650.1088138,0.6848234483648149,0.12828340102513733,0.19019103083547334,0.6848341388612392,0.12817394128223542,0.19017496305314668,1.0001069049642433,0.5989054025709808,contact,contact,./data/165_contact.wav
51,1765473652.9949765,0.6737123372537038,0.12828340102513733,0.19019103083547334,0.6738137523999463,0.1280879066367546,0.18994805126773487,0.8899030403513144,0.5980450561161726,contact,contact,./data/166_contact.wav
52,1765473655.8883274,0.6626012261425926,0.12828340102513733,0.19019103083547334,0.6626822347862603,0.1282205263462263,0.18995302473771952,0.7785878642144541,0.5993712532108897,contact,contact,./data/167_contact.wav
53,1765473658.7964044,0.6514901150314816,0.12828340102513733,0.19019103083547334,0.6515400364268304,0.12818621749702105,0.18979799151480814,0.6671658806201554,0.5990281647188372,contact,contact,./data/168_contact.wav
54,1765473661.6932654,0.6403790039203705,0.12828340102513733,0.19019103083547334,0.640423963007626,0.12827789629897865,0.1898225868546568,0.5560051464281114,0.5999449527384132,contact,contact,./data/169_contact.wav
55,1765473664.5862553,0.6292678928092593,0.12828340102513733,0.19019103083547334,0.6294082123835245,0.12813684293813726,0.18989864828328018,0.445847640187096,0.5985344191299993,contact,contact,./data/170_contact.wav
56,1765473667.464987,0.6181567816981482,0.12828340102513733,0.19019103083547334,0.6182392078837768,0.12804925950844584,0.18975325484856953,0.33415759518961924,0.5976585848330851,no_contact,no_contact,./data/59_no_contact.wav
57,1765473670.3540144,0.6070456705870372,0.12828340102513733,0.19019103083547334,0.6071706968728201,0.12802851510713573,0.1898713643118125,0.22347248508005185,0.597451140819984,no_contact,no_contact,./data/60_no_contact.wav
58,1765473673.2327108,0.595934559475926,0.12828340102513733,0.19019103083547334,0.5960696823017575,0.12801500669979754,0.18987612619190433,0.11246233936942576,0.597316056746602,no_contact,no_contact,./data/61_no_contact.wav
59,1765473676.129765,0.5848234483648149,0.12828340102513733,0.19019103083547334,0.5848514422594379,0.12808777128062912,0.1898082018202191,0.0002799389462293523,0.5980437025549179,contact,contact,./data/171_contact.wav
62,1765473681.9720974,0.6848234483648149,0.11828340102513733,0.19019103083547334,0.6848533112176741,0.11812083789068749,0.1900678968828332,1.0002986285285922,0.49837436865550155,contact,contact,./data/172_contact.wav
63,1765473684.860937,0.6737123372537038,0.11828340102513733,0.19019103083547334,0.6737832773695946,0.11816790318461272,0.18981850450747637,0.8895982900477974,0.49884502159475386,no_contact,no_contact,./data/62_no_contact.wav
64,1765473687.765341,0.6626012261425926,0.11828340102513733,0.19019103083547334,0.6626558510354507,0.11820583733197418,0.18978446615525194,0.7783240267063576,0.4992243630683685,no_contact,no_contact,./data/63_no_contact.wav
65,1765473690.6737509,0.6514901150314816,0.11828340102513733,0.19019103083547334,0.6515742339445637,0.11826964272924896,0.18988211309748898,0.667507855797488,0.4998624170411163,no_contact,no_contact,./data/64_no_contact.wav
66,1765473693.56495,0.6403790039203705,0.11828340102513733,0.19019103083547334,0.6404637293169709,0.11816005076819769,0.18992020671386306,0.5564028095215602,0.4987664974306036,no_contact,no_contact,./data/65_no_contact.wav
67,1765473696.4501839,0.6292678928092593,0.11828340102513733,0.19019103083547334,0.6293449676819376,0.11815009225785063,0.18982963834452013,0.4452151931712268,0.49866691232713295,contact,contact,./data/173_contact.wav
68,1765473699.3323302,0.6181567816981482,0.11828340102513733,0.19019103083547334,0.6182498829801724,0.11814987247237649,0.1898601118480332,0.3342643461535744,0.4986647144723916,contact,contact,./data/174_contact.wav
69,1765473702.2069635,0.6070456705870372,0.11828340102513733,0.19019103083547334,0.6071677294482348,0.11804796743099354,0.18984028082032442,0.2234428108341991,0.49764566405856203,contact,contact,./data/175_contact.wav
70,1765473705.0871506,0.595934559475926,0.11828340102513733,0.19019103083547334,0.5960621428953554,0.11797067625069946,0.1898914969735427,0.11238694530540497,0.4968727522556213,contact,contact,./data/176_contact.wav
71,1765473707.9590254,0.5848234483648149,0.11828340102513733,0.19019103083547334,0.5849594500781563,0.11791653368849966,0.18986760733683974,0.001360017133413827,0.49633132663362334,contact,contact,./data/177_contact.wav
74,1765473713.8045452,0.6848234483648149,0.10828340102513734,0.19019103083547334,0.6849105260464271,0.10828051969704196,0.19016969405995454,1.000870776816122,0.39997118671904625,contact,contact,./data/178_contact.wav
75,1765473716.6911285,0.6737123372537038,0.10828340102513734,0.19019103083547334,0.6738323930698003,0.10824179549993873,0.1900122561961487,0.8900894470498535,0.399583944748014,no_contact,no_contact,./data/66_no_contact.wav
76,1765473719.585969,0.6626012261425926,0.10828340102513734,0.19019103083547334,0.6626646238286316,0.1083698523417062,0.18996584930969385,0.7784117546381666,0.4008645131656886,no_contact,no_contact,./data/67_no_contact.wav
77,1765473722.4827206,0.6514901150314816,0.10828340102513734,0.19019103083547334,0.6515339334196035,0.10813135127460564,0.18974683398801698,0.6671048505478862,0.3984795024946831,no_contact,no_contact,./data/68_no_contact.wav
78,1765473725.3707776,0.6403790039203705,0.10828340102513734,0.19019103083547334,0.6404879889513285,0.10820572412850869,0.1899101192841182,0.5566454058651361,0.3992232310337136,no_contact,no_contact,./data/69_no_contact.wav
79,1765473728.2629395,0.6292678928092593,0.10828340102513734,0.19019103083547334,0.6293726992249676,0.1082111313275964,0.18995889684218306,0.4454925086015272,0.39927730302459064,contact,contact,./data/179_contact.wav
80,1765473731.138576,0.6181567816981482,0.10828340102513734,0.19019103083547334,0.6181568075043903,0.10821371212318025,0.1897169407758312,0.33333359139575364,0.39930311098042914,contact,contact,./data/180_contact.wav
81,1765473734.0030916,0.6070456705870372,0.10828340102513734,0.19019103083547334,0.6071618594611559,0.1080856309656391,0.18989661770357394,0.22338411096340943,0.39802229940501765,contact,contact,./data/181_contact.wav
82,1765473736.8612573,0.595934559475926,0.10828340102513734,0.19019103083547334,0.5960669618547736,0.10796544309240663,0.18982123165143633,0.1124351348995867,0.396820420672693,contact,contact,./data/182_contact.wav
83,1765473739.7087696,0.5848234483648149,0.10828340102513734,0.19019103083547334,0.5849533478913174,0.1079326396960367,0.18991610780922885,0.0012989952650244165,0.39649238670899367,contact,contact,./data/183_contact.wav
86,1765473745.5315304,0.6848234483648149,0.09828340102513734,0.19019103083547334,0.6848555775236722,0.09843297430095806,0.19023540929339508,1.000321291588573,0.30149573275820724,contact,contact,./data/184_contact.wav
87,1765473748.4125116,0.6737123372537038,0.09828340102513734,0.19019103083547334,0.673809932382276,0.09829321637518097,0.18999492029130685,0.8898648401746114,0.3000981535004364,no_contact,no_contact,./data/70_no_contact.wav
88,1765473751.2989717,0.6626012261425926,0.09828340102513734,0.19019103083547334,0.6627057307738015,0.09815796224547632,0.18994479185985483,0.7788228240898656,0.2987456122033899,no_contact,no_contact,./data/71_no_contact.wav
89,1765473754.1913154,0.6514901150314816,0.09828340102513734,0.19019103083547334,0.6515961871477731,0.0981008672383671,0.1898992790318604,0.6677273878295821,0.29817466213229765,no_contact,no_contact,./data/72_no_contact.wav
90,1765473757.076882,0.6403790039203705,0.09828340102513734,0.19019103083547334,0.6404852727584958,0.09814743651506927,0.1898737745893378,0.5566182439368085,0.2986403548993194,no_contact,no_contact,./data/73_no_contact.wav
91,1765473759.9512265,0.6292678928092593,0.09828340102513734,0.19019103083547334,0.6293634224215648,0.09815706922816739,0.1899272056686655,0.4453997405674993,0.29873668203030057,contact,contact,./data/185_contact.wav
92,1765473762.8260589,0.6181567816981482,0.09828340102513734,0.19019103083547334,0.6182063664645403,0.09809497346033355,0.18976792353775995,0.33382918099725384,0.2981157243519622,contact,contact,./data/186_contact.wav
93,1765473765.6861587,0.6070456705870372,0.09828340102513734,0.19019103083547334,0.6071082111026898,0.09812443685634042,0.18985118575942833,0.22284762737874836,0.29841035831203094,contact,contact,./data/187_contact.wav
94,1765473768.5341346,0.595934559475926,0.09828340102513734,0.19019103083547334,0.596015872128194,0.09802293064279073,0.18974866273987714,0.11192423763379036,0.297395296176534,no_contact,no_contact,./data/74_no_contact.wav
95,1765473771.377395,0.5848234483648149,0.09828340102513734,0.19019103083547334,0.584979979326566,0.09798345471795214,0.18995090091246133,0.0015653096175105578,0.2970005369281481,contact,contact,./data/188_contact.wav
98,1765473777.165253,0.6848234483648149,0.08828340102513732,0.19019103083547334,0.6848987320450461,0.08832165145933019,0.19031524944553044,1.0007528368023124,0.20038250434192856,contact,contact,./data/189_contact.wav
99,1765473780.0495558,0.6737123372537038,0.08828340102513732,0.19019103083547334,0.6738656740445615,0.0881919768295045,0.19011814504503052,0.8904222567974664,0.19908575804367168,no_contact,no_contact,./data/75_no_contact.wav
100,1765473782.926708,0.6626012261425926,0.08828340102513732,0.19019103083547334,0.6626301601009005,0.08814599046635949,0.18976301584160019,0.7780671173608558,0.19862589441222156,no_contact,no_contact,./data/76_no_contact.wav
101,1765473785.8335855,0.6514901150314816,0.08828340102513732,0.19019103083547334,0.6516374948436803,0.08809985167551701,0.19000160428063897,0.6681404647886536,0.1981645065037968,no_contact,no_contact,./data/77_no_contact.wav
102,1765473788.7349365,0.6403790039203705,0.08828340102513732,0.19019103083547334,0.6405436920816647,0.08801079756948797,0.19001524501213107,0.5572024371684982,0.19727396544350642,no_contact,no_contact,./data/78_no_contact.wav
103,1765473791.589326,0.6292678928092593,0.08828340102513732,0.19019103083547334,0.629395556715706,0.088090688538304,0.1899029636468087,0.44572108350891104,0.1980728751316667,contact,contact,./data/190_contact.wav
104,1765473794.4440286,0.6181567816981482,0.08828340102513732,0.19019103083547334,0.6182286744508688,0.08806834019880344,0.18984402898545816,0.334052260860539,0.1978493917366611,contact,contact,./data/191_contact.wav
105,1765473797.2772543,0.6070456705870372,0.08828340102513732,0.19019103083547334,0.607134274347391,0.08812117632596451,0.18986135606796928,0.2231082598257606,0.19837775300827185,contact,contact,./data/192_contact.wav
106,1765473800.0887277,0.595934559475926,0.08828340102513732,0.19019103083547334,0.5960558403580385,0.08800735008526278,0.1899051207653731,0.1123239199322357,0.1972394906012545,contact,contact,./data/193_contact.wav
107,1765473802.8993354,0.5848234483648149,0.08828340102513732,0.19019103083547334,0.5849813584944694,0.08796665458479598,0.1899366319372599,0.0015791012965449274,0.1968325355965865,contact,contact,./data/194_contact.wav
110,1765473808.619486,0.6848234483648149,0.07828340102513733,0.19019103083547334,0.6848917398869756,0.07842032135449292,0.190223498885707,1.000682915221607,0.10136920329355592,contact,contact,./data/195_contact.wav
111,1765473811.4792526,0.6737123372537038,0.07828340102513733,0.19019103083547334,0.6738227255335424,0.07818332287261795,0.19001402199453127,0.8899927716872749,0.0989992184748062,contact,contact,./data/196_contact.wav
112,1765473814.3415859,0.6626012261425926,0.07828340102513733,0.19019103083547334,0.6627414452953821,0.07813404991561136,0.19006850272374312,0.7791799693056725,0.09850648890474031,contact,contact,./data/197_contact.wav
113,1765473817.2009,0.6514901150314816,0.07828340102513733,0.19019103083547334,0.6516111223863639,0.07804819007787205,0.18998933811781277,0.6678767402154896,0.09764789052734715,contact,contact,./data/198_contact.wav
114,1765473820.037718,0.6403790039203705,0.07828340102513733,0.19019103083547334,0.6405394396078514,0.07803749160276144,0.1900309824364066,0.5571599124303651,0.09754090577624108,contact,contact,./data/199_contact.wav
115,1765473822.8663154,0.6292678928092593,0.07828340102513733,0.19019103083547334,0.6293760646601192,0.07801588357864646,0.1898604983094066,0.4455261629530428,0.09732482553509128,contact,contact,./data/200_contact.wav
116,1765473825.7051373,0.6181567816981482,0.07828340102513733,0.19019103083547334,0.6183201426750787,0.0779789815798358,0.18997077176571836,0.33496694310263814,0.09695580554698463,contact,contact,./data/201_contact.wav
117,1765473828.510668,0.6070456705870372,0.07828340102513733,0.19019103083547334,0.6072003318829498,0.07798097086645331,0.18994234586374636,0.22376883518134832,0.09697569841315978,contact,contact,./data/202_contact.wav
118,1765473831.3238833,0.595934559475926,0.07828340102513733,0.19019103083547334,0.5961283500862978,0.0780078038127825,0.18998141741567548,0.1130490172148291,0.09724402787645164,contact,contact,./data/203_contact.wav
119,1765473834.1339917,0.5848234483648149,0.07828340102513733,0.19019103083547334,0.5849952152646097,0.07793783327365904,0.1899249750282892,0.001717668997948119,0.09654432248521708,contact,contact,./data/204_contact.wav
122,1765473839.818381,0.6848234483648149,0.06828340102513733,0.19019103083547334,0.6848466659711581,0.0682578937970699,0.1901196406292095,1.0002321760634316,-0.00025507228067433996,contact,contact,./data/205_contact.wav
123,1765473842.629787,0.6737123372537038,0.06828340102513733,0.19019103083547334,0.6738747181326412,0.06795508970242965,0.19002709554208402,0.8905126976782631,-0.0032831132270767782,contact,contact,./data/206_contact.wav
124,1765473845.4469879,0.6626012261425926,0.06828340102513733,0.19019103083547334,0.662750659404055,0.06788354947386079,0.19002120306840722,0.7792721103924007,-0.003998515512765449,contact,contact,./data/207_contact.wav
125,1765473848.2678072,0.6514901150314816,0.06828340102513733,0.19019103083547334,0.6516963214194758,0.06784628506119916,0.19004145158764882,0.6687287305466084,-0.004371159639381672,contact,contact,./data/208_contact.wav
126,1765473851.0780623,0.6403790039203705,0.06828340102513733,0.19019103083547334,0.6405400348859738,0.06788339063975969,0.18998621403024965,0.5571658652115886,-0.004000103853776388,contact,contact,./data/209_contact.wav
127,1765473853.8780599,0.6292678928092593,0.06828340102513733,0.19019103083547334,0.6294199657608437,0.0679682982458336,0.18999011005875394,0.4459651739602878,-0.003151027793037303,contact,contact,./data/210_contact.wav
128,1765473856.6825078,0.6181567816981482,0.06828340102513733,0.19019103083547334,0.6183393726138513,0.06798646344404596,0.18992920293761922,0.33515924249036383,-0.002969375810913666,contact,contact,./data/211_contact.wav
129,1765473859.4891205,0.6070456705870372,0.06828340102513733,0.19019103083547334,0.6072214848043354,0.06803437257422214,0.19002633814803543,0.22398036439520436,-0.0024902845091519243,contact,contact,./data/212_contact.wav
130,1765473862.308469,0.595934559475926,0.06828340102513733,0.19019103083547334,0.5961050835761385,0.06806800203273025,0.18996538210226982,0.11281635211323529,-0.002153989924070787,contact,contact,./data/213_contact.wav
131,1765473865.1392496,0.5848234483648149,0.06828340102513733,0.19019103083547334,0.5849459213380093,0.06805021319917978,0.18986035410848318,0.0012247297319434305,-0.0023318782595754817,contact,contact,./data/214_contact.wav
2,1765473882.3666904,0.6848234483648149,0.16828340102513734,0.19019103083547334,0.6848227872342063,0.16807194882130522,0.19008397073917585,0.9999933886939141,0.9978854779616788,contact,contact,./data/215_contact.wav
3,1765473885.226474,0.6737123372537038,0.16828340102513734,0.19019103083547334,0.6738626499681617,0.16800899750616774,0.18996313061108627,0.890392016033468,0.9972559648103041,contact,contact,./data/216_contact.wav
4,1765473888.110041,0.6626012261425926,0.16828340102513734,0.19019103083547334,0.6627379052926239,0.16798163176858438,0.18990122847994267,0.7791445692780898,0.9969823074344705,contact,contact,./data/217_contact.wav
5,1765473890.9964638,0.6514901150314816,0.16828340102513734,0.19019103083547334,0.6516020224132233,0.16805553526317102,0.18990559810514718,0.6677857404840838,0.9977213423803368,contact,contact,./data/218_contact.wav
6,1765473893.883575,0.6403790039203705,0.16828340102513734,0.19019103083547334,0.6405483708031313,0.16790409304239062,0.18988967504363746,0.557249224383164,0.9962069201725329,contact,contact,./data/219_contact.wav
7,1765473896.7671604,0.6292678928092593,0.16828340102513734,0.19019103083547334,0.629410054573281,0.16794509911033884,0.1898911780951259,0.4458660620846612,0.996616980852015,contact,contact,./data/220_contact.wav
8,1765473899.6336863,0.6181567816981482,0.16828340102513734,0.19019103083547334,0.6183082919686944,0.16794532922271468,0.18989104166872986,0.33484843603879494,0.9966192819757735,contact,contact,./data/221_contact.wav
9,1765473902.5124035,0.6070456705870372,0.16828340102513734,0.19019103083547334,0.6072079686155104,0.16784481045580268,0.18982907705587182,0.2238452025069549,0.9956140943066535,contact,contact,./data/222_contact.wav
10,1765473905.379272,0.595934559475926,0.16828340102513734,0.19019103083547334,0.5961148004015602,0.16783916311137348,0.18993723332542017,0.11291352036745253,0.9955576208623614,contact,contact,./data/223_contact.wav
11,1765473908.235319,0.5848234483648149,0.16828340102513734,0.19019103083547334,0.5849975396379714,0.16793553266552405,0.18992313703404065,0.001740912731564848,0.9965213164038672,contact,contact,./data/224_contact.wav
14,1765473914.080265,0.6848234483648149,0.15828340102513733,0.19019103083547334,0.6847766239996633,0.1581327596134351,0.18994696312952528,0.9995317563484842,0.8984935858829776,contact,contact,./data/225_contact.wav
15,1765473916.9352388,0.6737123372537038,0.15828340102513733,0.19019103083547334,0.6738256030019055,0.15809196364828748,0.18993488673329806,0.8900215463709062,0.8980856262315015,no_contact,no_contact,./data/79_no_contact.wav
16,1765473919.805369,0.6626012261425926,0.15828340102513733,0.19019103083547334,0.6626923037321046,0.15807106574937335,0.18980314232822784,0.7786885536728974,0.8978766472423602,no_contact,no_contact,./data/80_no_contact.wav
17,1765473922.6937184,0.6514901150314816,0.15828340102513733,0.19019103083547334,0.6515765004050894,0.15807101935807566,0.1898155085783292,0.667530520402745,0.8978761833293832,contact,contact,./data/226_contact.wav
18,1765473925.5962095,0.6403790039203705,0.15828340102513733,0.19019103083547334,0.6404836927957319,0.15803578253673595,0.1898394259961415,0.55660244430917,0.8975238151159861,contact,contact,./data/227_contact.wav
19,1765473928.4929347,0.6292678928092593,0.15828340102513733,0.19019103083547334,0.6293834962333056,0.15815075396403486,0.1898566435820692,0.4456004786849067,0.8986735293889753,contact,contact,./data/228_contact.wav
20,1765473931.3767667,0.6181567816981482,0.15828340102513733,0.19019103083547334,0.6182285204980328,0.15806609424987225,0.18980238581918243,0.33405072133217867,0.8978269322473492,contact,contact,./data/229_contact.wav
21,1765473934.2596521,0.6070456705870372,0.15828340102513733,0.19019103083547334,0.6071987731298251,0.15793715269236538,0.18990337665476284,0.22375324765010146,0.8965375166722805,contact,contact,./data/230_contact.wav
22,1765473937.1346378,0.595934559475926,0.15828340102513733,0.19019103083547334,0.596119031323643,0.15787820281236511,0.18984749451693178,0.11295582958828046,0.8959480178722778,contact,contact,./data/231_contact.wav
23,1765473939.9957073,0.5848234483648149,0.15828340102513733,0.19019103083547334,0.5849855343081474,0.15793362507480868,0.18992346613603894,0.0016208594333244624,0.8965022404967135,contact,contact,./data/232_contact.wav
26,1765473945.8311925,0.6848234483648149,0.14828340102513732,0.19019103083547334,0.6848418812154046,0.1480828524931785,0.1901385492447554,1.0001843285058967,0.7979945146804118,contact,contact,./data/233_contact.wav
27,1765473948.6439471,0.6737123372537038,0.14828340102513732,0.19019103083547334,0.6738738369038499,0.1482701356942856,0.19010067320089397,0.8905038853903504,0.7998673466914826,no_contact,no_contact,./data/81_no_contact.wav
28,1765473951.5552444,0.6626012261425926,0.14828340102513732,0.19019103083547334,0.6626748955610458,0.14809456154645168,0.18981716494421894,0.7785144719623085,0.7981116052131434,no_contact,no_contact,./data/82_no_contact.wav
29,1765473954.4581726,0.6514901150314816,0.14828340102513732,0.19019103083547334,0.6515084101529925,0.14810178034314878,0.18959529975395992,0.6668496178817763,0.7981837931801145,contact,contact,./data/234_contact.wav
30,1765473957.3562348,0.6403790039203705,0.14828340102513732,0.19019103083547334,0.6403288901701248,0.14815274403952955,0.18950094617655852,0.5550544180530993,0.7986934301439221,contact,contact,./data/235_contact.wav
31,1765473960.2556295,0.6292678928092593,0.14828340102513732,0.19019103083547334,0.6293647992812231,0.14805749831654963,0.18983320856011265,0.4454135091640822,0.7977409729141229,contact,contact,./data/236_contact.wav
32,1765473963.1406085,0.6181567816981482,0.14828340102513732,0.19019103083547334,0.6183015737717477,0.14803738473789038,0.1898820278096305,0.3347812540693274,0.7975398371275305,no_contact,no_contact,./data/83_no_contact.wav
33,1765473966.0128484,0.6070456705870372,0.14828340102513732,0.19019103083547334,0.6071583627817075,0.1479869835586791,0.18983886674435188,0.2233491441689262,0.7970358253354176,no_contact,no_contact,./data/84_no_contact.wav
34,1765473968.8960278,0.595934559475926,0.14828340102513732,0.19019103083547334,0.5960790426671031,0.14794574057163082,0.18987495456215,0.11255594302288177,0.7966233954649349,no_contact,no_contact,./data/85_no_contact.wav
35,1765473971.7839327,0.5848234483648149,0.14828340102513732,0.19019103083547334,0.5849298682368922,0.14798753771145043,0.1898475821038009,0.0010641987207726802,0.797041366863131,contact,contact,./data/237_contact.wav
38,1765473977.6314719,0.6848234483648149,0.13828340102513734,0.19019103083547334,0.6848419928972589,0.13801051766909672,0.19010132993865178,1.0001854453244399,0.6972711664395939,contact,contact,./data/238_contact.wav
39,1765473980.4608135,0.6737123372537038,0.13828340102513734,0.19019103083547334,0.6738594853476433,0.13835177599121304,0.19009091846701942,0.8903603698282838,0.7006837496607571,no_contact,no_contact,./data/86_no_contact.wav
40,1765473983.3587615,0.6626012261425926,0.13828340102513734,0.19019103083547334,0.6626913189191355,0.13800178499458654,0.18987896927995387,0.7786787055432056,0.697183839694492,contact,contact,./data/239_contact.wav
41,1765473986.2563996,0.6514901150314816,0.13828340102513734,0.19019103083547334,0.6514501926853542,0.13829406934825414,0.18966252234867478,0.6662674432053929,0.7001066832311681,contact,contact,./data/240_contact.wav
42,1765473989.1458964,0.6403790039203705,0.13828340102513734,0.19019103083547334,0.6403819032574553,0.13818320905168055,0.18967759859360614,0.5555845489264034,0.6989980802654322,contact,contact,./data/241_contact.wav
43,1765473992.0401902,0.6292678928092593,0.13828340102513734,0.19019103083547334,0.6293443290866121,0.1381474305586256,0.1898005334813721,0.44520880721797174,0.6986402953348827,contact,contact,./data/242_contact.wav
44,1765473994.9353297,0.6181567816981482,0.13828340102513734,0.19019103083547334,0.6182531481913275,0.1381063062521147,0.18985648708783953,0.33429699826512566,0.6982290522697737,no_contact,no_contact,./data/87_no_contact.wav
45,1765473997.8266566,0.6070456705870372,0.13828340102513734,0.19019103083547334,0.60715865000913,0.13808535417368814,0.18982506135946955,0.22335201644315134,0.6980195314855081,no_contact,no_contact,./data/88_no_contact.wav
46,1765474000.6970296,0.595934559475926,0.13828340102513734,0.19019103083547334,0.5960664766097673,0.13803680083025774,0.18991458142519238,0.11243028244952383,0.6975339980512041,no_contact,no_contact,./data/89_no_contact.wav
47,1765474003.5716267,0.5848234483648149,0.13828340102513734,0.19019103083547334,0.584916754317248,0.13796853242341114,0.18974061432144748,0.0009330595243306485,0.6968513139827381,contact,contact,./data/243_contact.wav
50,1765474009.4171073,0.6848234483648149,0.12828340102513733,0.19019103083547334,0.6848278218168978,0.12815356845356474,0.19021568434942307,1.0000437345208293,0.598701674284274,contact,contact,./data/244_contact.wav
51,1765474012.2916923,0.6737123372537038,0.12828340102513733,0.19019103083547334,0.6738447087811383,0.1280495986180969,0.18998180091158834,0.8902126041632343,0.5976619759295956,contact,contact,./data/245_contact.wav
52,1765474015.1885664,0.6626012261425926,0.12828340102513733,0.19019103083547334,0.6626858358834793,0.12817122830053052,0.1898163542273599,0.7786238751866439,0.5988782727539318,contact,contact,./data/246_contact.wav
53,1765474018.0922039,0.6514901150314816,0.12828340102513733,0.19019103083547334,0.6515883399451557,0.12817302721114243,0.18985570509347888,0.6676489158034083,0.598896261860051,contact,contact,./data/247_contact.wav
54,1765474020.9713895,0.6403790039203705,0.12828340102513733,0.19019103083547334,0.6404862580986574,0.12819474428977762,0.18991436474636275,0.5566280973384253,0.5991134326464028,contact,contact,./data/248_contact.wav
55,1765474023.874614,0.6292678928092593,0.12828340102513733,0.19019103083547334,0.6293349314432131,0.1281321760491221,0.18985347246977727,0.4451148307839815,0.5984877502398478,contact,contact,./data/249_contact.wav
56,1765474026.771127,0.6181567816981482,0.12828340102513733,0.19019103083547334,0.6182059982417698,0.1280943329774639,0.18973411734856432,0.33382549876954887,0.5981093195232656,no_contact,no_contact,./data/90_no_contact.wav
57,1765474029.6669674,0.6070456705870372,0.12828340102513733,0.19019103083547334,0.6071195429942383,0.128079425084333,0.18981548514597643,0.22296094629423396,0.5979602405919567,no_contact,no_contact,./data/91_no_contact.wav
58,1765474032.5454566,0.595934559475926,0.12828340102513733,0.19019103083547334,0.5960559836228037,0.1280693012651884,0.18987219370962863,0.11232535257988732,0.5978590024005106,no_contact,no_contact,./data/92_no_contact.wav
59,1765474035.4123514,0.5848234483648149,0.12828340102513733,0.19019103083547334,0.5849477929305189,0.12799824950864044,0.18987588832691119,0.0012434456570398213,0.5971484848350311,contact,contact,./data/250_contact.wav
62,1765474041.230575,0.6848234483648149,0.11828340102513733,0.19019103083547334,0.6848316186609046,0.11814158383191979,0.19004474113452827,1.0000817029608968,0.4985818280678246,contact,contact,./data/251_contact.wav
63,1765474044.117046,0.6737123372537038,0.11828340102513733,0.19019103083547334,0.6737365614491452,0.11818489607428483,0.18977007353493858,0.8891311308433028,0.49901495049147493,no_contact,no_contact,./data/93_no_contact.wav
64,1765474047.0192587,0.6626012261425926,0.11828340102513733,0.19019103083547334,0.662649379257054,0.11811311133064527,0.18980520710847623,0.7782593089223913,0.49829710305507935,no_contact,no_contact,./data/94_no_contact.wav
65,1765474049.9153676,0.6514901150314816,0.11828340102513733,0.19019103083547334,0.6515320726031388,0.11809407210057225,0.18981400321164746,0.6670862423832392,0.4981067107543492,no_contact,no_contact,./data/95_no_contact.wav
66,1765474052.8134565,0.6403790039203705,0.11828340102513733,0.19019103083547334,0.6404375302732435,0.11812657841011079,0.18981875702155707,0.5561408190842855,0.4984317738497346,no_contact,no_contact,./data/96_no_contact.wav
67,1765474055.7075977,0.6292678928092593,0.11828340102513733,0.19019103083547334,0.6293331431140345,0.11807036460324621,0.18977654344898356,0.4450969474921963,0.49786963578108884,contact,contact,./data/252_contact.wav
68,1765474058.571677,0.6181567816981482,0.11828340102513733,0.19019103083547334,0.6183002881872215,0.11807683816061203,0.18991924879176358,0.33476839822406573,0.49793437135474694,contact,contact,./data/253_contact.wav
69,1765474061.473476,0.6070456705870372,0.11828340102513733,0.19019103083547334,0.6071057778836405,0.11810296175540716,0.18978779371887194,0.2228232951882559,0.4981956073026983,contact,contact,./data/254_contact.wav
70,1765474064.3311555,0.595934559475926,0.11828340102513733,0.19019103083547334,0.5960557659498817,0.11806735964236462,0.18990131241661282,0.11232317585066823,0.49783958617227286,contact,contact,./data/255_contact.wav
71,1765474067.2019713,0.5848234483648149,0.11828340102513733,0.19019103083547334,0.5849306811370416,0.1180244245833363,0.1898643579534969,0.0010723277222668417,0.49741023558198966,contact,contact,./data/256_contact.wav
74,1765474073.0341618,0.6848234483648149,0.10828340102513734,0.19019103083547334,0.6848652846137538,0.10819301347805622,0.19014937814655802,1.0004183624893894,0.3990961245291889,contact,contact,./data/257_contact.wav
75,1765474075.9380882,0.6737123372537038,0.10828340102513734,0.19019103083547334,0.6737993101413706,0.10805960662639698,0.18993734409982,0.8897586177655572,0.39776205601259645,no_contact,no_contact,./data/97_no_contact.wav
76,1765474078.8344367,0.6626012261425926,0.10828340102513734,0.19019103083547334,0.6626294749065499,0.10830271417704791,0.18981079581635596,0.7780602654173499,0.4001931315191058,no_contact,no_contact,./data/98_no_contact.wav
77,1765474081.7314258,0.6514901150314816,0.10828340102513734,0.19019103083547334,0.6515207555312892,0.10820245046493704,0.1897336355629725,0.6669730716647427,0.3991904943979971,no_contact,no_contact,./data/99_no_contact.wav
78,1765474084.6055377,0.6403790039203705,0.10828340102513734,0.19019103083547334,0.6404772654445052,0.1081154365818633,0.18988434147987748,0.5565381707969032,0.3983203555672597,no_contact,no_contact,./data/100_no_contact.wav
79,1765474087.4947572,0.6292678928092593,0.10828340102513734,0.19019103083547334,0.6294013975812988,0.10808870783501019,0.18992904167929545,0.4457794921648385,0.3980530680987286,contact,contact,./data/258_contact.wav
80,1765474090.384088,0.6181567816981482,0.10828340102513734,0.19019103083547334,0.6181499464007458,0.10812428808247568,0.18968516460743168,0.3332649803593091,0.3984088705733835,contact,contact,./data/259_contact.wav
81,1765474093.2576587,0.6070456705870372,0.10828340102513734,0.19019103083547334,0.6071163436299535,0.10810945729924876,0.18982610124124252,0.22292895265138563,0.39826056274111427,contact,contact,./data/260_contact.wav
82,1765474096.1308186,0.595934559475926,0.10828340102513734,0.19019103083547334,0.5960208204753439,0.10807372970641745,0.18981110411491092,0.11197372110528961,0.3979032868128011,contact,contact,./data/261_contact.wav
83,1765474098.998168,0.5848234483648149,0.10828340102513734,0.19019103083547334,0.5849368374301237,0.10803989878074244,0.18988975420329343,0.001133890653087777,0.3975649775560511,contact,contact,./data/262_contact.wav
86,1765474104.8245926,0.6848234483648149,0.09828340102513734,0.19019103083547334,0.6848766040704655,0.09841021519761656,0.19018447559118715,1.0005315570565056,0.30126814172479227,contact,contact,./data/263_contact.wav
87,1765474107.713027,0.6737123372537038,0.09828340102513734,0.19019103083547334,0.6737857839825452,0.09815505577528086,0.18989404285608616,0.8896233561773028,0.2987165475014353,no_contact,no_contact,./data/101_no_contact.wav
88,1765474110.6371355,0.6626012261425926,0.09828340102513734,0.19019103083547334,0.6626954822466847,0.09816536982828239,0.1899374861867458,0.7787203388186983,0.2988196880314506,no_contact,no_contact,./data/102_no_contact.wav
89,1765474113.6378953,0.6514901150314816,0.09828340102513734,0.19019103083547334,0.6516267356142647,0.09813397387270187,0.18995235348436804,0.6680328724944974,0.2985057284756454,no_contact,no_contact,./data/103_no_contact.wav
90,1765474117.1008494,0.6403790039203705,0.09828340102513734,0.19019103083547334,0.6404565307100503,0.09818840165847283,0.18985385926885495,0.5563308234523535,0.29905000633335493,no_contact,no_contact,./data/104_no_contact.wav
91,1765474119.9959714,0.6292678928092593,0.09828340102513734,0.19019103083547334,0.6293723677390366,0.09818002345327043,0.18992771301293063,0.44548919374221685,0.29896622428133096,contact,contact,./data/264_contact.wav
92,1765474122.8721504,0.6181567816981482,0.09828340102513734,0.19019103083547334,0.6181884193132123,0.09811942158305083,0.18973057156888448,0.33364970948397416,0.29836020557913495,contact,contact,./data/265_contact.wav
93,1765474125.7543778,0.6070456705870372,0.09828340102513734,0.19019103083547334,0.6071057502260264,0.09806864826721831,0.189829387378278,0.222823018612115,0.2978524724208098,contact,contact,./data/266_contact.wav
94,1765474128.8463342,0.595934559475926,0.09828340102513734,0.19019103083547334,0.596015092439103,0.0979905313490908,0.18974751100976106,0.11191644074288079,0.29707130323953473,no_contact,no_contact,./data/105_no_contact.wav
95,1765474131.829274,0.5848234483648149,0.09828340102513734,0.19019103083547334,0.5849227458004727,0.09797829398729443,0.18989773206203386,0.0009929743565773033,0.29694892962157104,contact,contact,./data/267_contact.wav
98,1765474137.6499634,0.6848234483648149,0.08828340102513732,0.19019103083547334,0.684921387167712,0.08828752836340584,0.1903093479578116,1.000979388028971,0.20004127338268507,contact,contact,./data/268_contact.wav
99,1765474140.5468793,0.6737123372537038,0.08828340102513732,0.19019103083547334,0.6738467018740276,0.08817753091315012,0.19005943659425936,0.8902325350921272,0.19894129888012785,no_contact,no_contact,./data/106_no_contact.wav
100,1765474143.4157374,0.6626012261425926,0.08828340102513732,0.19019103083547334,0.662625158917677,0.0880437683465852,0.18973468305126698,0.7780171055286214,0.1976036732144787,no_contact,no_contact,./data/107_no_contact.wav
101,1765474146.2970312,0.6514901150314816,0.08828340102513732,0.19019103083547334,0.6516429587262187,0.08807918202517692,0.18998614100783331,0.6681951036140378,0.19795781000039592,no_contact,no_contact,./data/108_no_contact.wav
102,1765474149.173582,0.6403790039203705,0.08828340102513732,0.19019103083547334,0.6405026637381728,0.08808549526985679,0.18998123231286718,0.5567921537335786,0.1980209424471946,no_contact,no_contact,./data/109_no_contact.wav
103,1765474152.049464,0.6292678928092593,0.08828340102513732,0.19019103083547334,0.6293523658095839,0.08813261748448716,0.18985739308406613,0.44528917444768956,0.19849216459349825,contact,contact,./data/269_contact.wav
104,1765474154.8997312,0.6181567816981482,0.08828340102513732,0.19019103083547334,0.6182296853073579,0.08807743135385995,0.18983245905213503,0.3340623694254297,0.19794030328722623,contact,contact,./data/270_contact.wav
105,1765474157.7505553,0.6070456705870372,0.08828340102513732,0.19019103083547334,0.6071317698237905,0.08805106085351663,0.18983521176162665,0.2230832145897555,0.19767659828379303,contact,contact,./data/271_contact.wav
106,1765474160.5778227,0.595934559475926,0.08828340102513732,0.19019103083547334,0.5960183606431454,0.08806495266170994,0.18985130797144936,0.11194912278330474,0.19781551636572609,contact,contact,./data/272_contact.wav
107,1765474163.3835275,0.5848234483648149,0.08828340102513732,0.19019103083547334,0.5849603658844493,0.088046147463945,0.1899265748823844,0.0013691751963440526,0.19762746438807668,contact,contact,./data/273_contact.wav
110,1765474169.11204,0.6848234483648149,0.07828340102513733,0.19019103083547334,0.6848826267462959,0.0783916970567049,0.19019904215472336,1.0005917838148095,0.10108296031567571,contact,contact,./data/274_contact.wav
111,1765474171.9883013,0.6737123372537038,0.07828340102513733,0.19019103083547334,0.6738081535535733,0.07819645371705951,0.1899727709724149,0.8898470518875836,0.09913052691922178,contact,contact,./data/275_contact.wav
112,1765474175.0228393,0.6626012261425926,0.07828340102513733,0.19019103083547334,0.6627347807786172,0.0781454444667422,0.1900529346514637,0.7791133241380235,0.09862043441604865,contact,contact,./data/276_contact.wav
113,1765474177.8905897,0.6514901150314816,0.07828340102513733,0.19019103083547334,0.6516113221382541,0.0780356755113647,0.18998236784115433,0.6678787377343921,0.09752274486227369,contact,contact,./data/277_contact.wav
114,1765474180.7672575,0.6403790039203705,0.07828340102513733,0.19019103083547334,0.6405377454080747,0.07801556723379266,0.19000286354553445,0.5571429704325982,0.0973216620865533,contact,contact,./data/278_contact.wav
115,1765474183.6371005,0.6292678928092593,0.07828340102513733,0.19019103083547334,0.6293686547554407,0.07803906364694989,0.18984787912431791,0.4454520639062577,0.09755662621812558,contact,contact,./data/279_contact.wav
116,1765474186.4783382,0.6181567816981482,0.07828340102513733,0.19019103083547334,0.6182764034372958,0.07799797805809495,0.18992216268189302,0.3345295507248092,0.09714577032957625,contact,contact,./data/280_contact.wav
117,1765474189.3052943,0.6070456705870372,0.07828340102513733,0.19019103083547334,0.607169301754306,0.07801099015606405,0.18990596853509878,0.22345853389491027,0.09727589130926723,contact,contact,./data/281_contact.wav
118,1765474192.1204364,0.595934559475926,0.07828340102513733,0.19019103083547334,0.5961117399522043,0.07801533429042903,0.18996922763054386,0.11288291587389424,0.09731933265291703,contact,contact,./data/282_contact.wav
119,1765474194.9281197,0.5848234483648149,0.07828340102513733,0.19019103083547334,0.5849856257335704,0.0780029536325475,0.18993060960835575,0.0016217736875545623,0.0971955260741017,contact,contact,./data/283_contact.wav
122,1765474200.6354585,0.6848234483648149,0.06828340102513733,0.19019103083547334,0.684856859503578,0.06825568340842146,0.19014425407866364,1.000334111387631,-0.00027717616715869364,contact,contact,./data/284_contact.wav
123,1765474203.47822,0.6737123372537038,0.06828340102513733,0.19019103083547334,0.6738531814889966,0.06802309542167537,0.189998356614141,0.8902973312418174,-0.002603056034619633,contact,contact,./data/285_contact.wav
124,1765474206.3122745,0.6626012261425926,0.06828340102513733,0.19019103083547334,0.6627301156245851,0.06792499773860193,0.1899917531222079,0.7790666725977016,-0.0035840328653539977,contact,contact,./data/286_contact.wav
125,1765474209.1446764,0.6514901150314816,0.06828340102513733,0.19019103083547334,0.6516558307795123,0.06789679248114719,0.1899977227608992,0.6683238241469737,-0.003866085439901412,contact,contact,./data/287_contact.wav
126,1765474211.9771864,0.6403790039203705,0.06828340102513733,0.19019103083547334,0.6405428969605682,0.06783030241654545,0.18999011455498374,0.557194485957533,-0.004530986085918842,contact,contact,./data/288_contact.wav
127,1765474214.787077,0.6292678928092593,0.06828340102513733,0.19019103083547334,0.6294214710824998,0.06784475298739066,0.1899766975193002,0.4459802271768488,-0.004386480377466667,contact,contact,./data/289_contact.wav
128,1765474217.5857584,0.6181567816981482,0.06828340102513733,0.19019103083547334,0.618342414489411,0.06791254122666872,0.1899254040524144,0.33518966124596045,-0.0037085979846861183,contact,contact,./data/290_contact.wav
129,1765474220.418075,0.6070456705870372,0.06828340102513733,0.19019103083547334,0.6072185005860862,0.06790834289640722,0.19000617737074763,0.22395052221271255,-0.0037505812873010747,contact,contact,./data/291_contact.wav
130,1765474223.2165754,0.595934559475926,0.06828340102513733,0.19019103083547334,0.5961128347152944,0.06797274798621988,0.1899625249748278,0.11289386350479494,-0.0031065303891744667,contact,contact,./data/292_contact.wav
131,1765474226.0415995,0.5848234483648149,0.06828340102513733,0.19019103083547334,0.5849471347768245,0.06798433550643301,0.18985446582460394,0.0012368641200954935,-0.0029906551870431675,contact,contact,./data/293_contact.wav
