spectral_centroid,spectral_bandwidth,spectral_rolloff,spectral_flatness,spectral_contrast_0,spectral_contrast_1,spectral_contrast_2,spectral_contrast_3,spectral_contrast_4,resonance_peak_amp,resonance_peak_freq,resonance_energy,resonance_q_factor,resonance_skewness,damping_ratio,high_freq_slope,high_freq_decay_rate,ultra_high_ratio,burst_rms,burst_peak,burst_crest_factor,time_to_peak,zero_crossing_rate,temporal_centroid,env_mean,env_std,env_max,env_min,env_skew,env_kurtosis,env_decay_rate,low_energy_ratio,resonance_energy_ratio,mid_energy_ratio,high_energy_ratio,ultra_high_energy_ratio,resonance_high_ratio,low_mid_ratio,impulse_peak,impulse_peak_time,impulse_rms,decay_amplitude,decay_rate,primary_resonance_freq,primary_resonance_magnitude,resonance_q_factor,num_resonances,secondary_resonance_freq,secondary_resonance_magnitude,freq_response_centroid,freq_response_spread,high_freq_energy,high_freq_damping,simplified_label,original_label
44.58876007793887,616.8694781190848,11.71875,0.0008253650739789009,10.324537808401448,17.143920214866803,20.610679815782753,26.393715189006304,23.9766495766072,0.04539068788290024,480.46875,0.8204028010368347,1.7083333333333333,0.6591446995735168,6.144798278808594,-7.287387137593822e-05,7.287387137593822e-05,0.0013689659535884857,0.006281981710344553,0.013733329251408577,2.1861460208892822,0.14345833333333333,0.08686330058787128,0.27752205238187194,0.0031953933648765087,0.0033174597192555666,0.017626343294978142,2.0422749003046192e-05,1.5514129400253296,1.6230578422546387,1.3341308529274365,0.00234840321354568,0.00015208371041808277,0.0014522654237225652,0.0045242831110954285,0.0013689659535884857,0.03361498564481735,1.617061972618103,1.0,0.09802083333333333,0.0570644736289978,0.27764219852435507,648.2934918005545,93.75,52.470375061035156,8.0,258.0,3000.0,49.71893310546875,6800.501396422228,6549.316967555448,6.368868827819824,0.7165398001670837,no metal,no metal
44.27725942413613,615.1933999990132,11.71875,0.0008261932525783777,11.725780548265504,16.555113231677847,20.465802085687564,26.8168035908432,23.81738575274474,0.04234758019447327,480.46875,0.8064283728599548,1.64,0.3958863914012909,6.260016918182373,-7.267506800859053e-05,7.267506800859053e-05,0.001352597144432366,0.0062715234234929085,0.013641773723065853,2.1751930713653564,0.1433125,0.08927811726485149,0.2774416898499356,0.0031974215526133776,0.003307797946035862,0.017328063026070595,1.7330257833236828e-06,1.5497983694076538,1.6204400062561035,1.3313362269068003,0.0023563303984701633,0.00014987534086685628,0.0014220692683011293,0.004495623987168074,0.001352597144432366,0.03333805128931999,1.6569730043411255,1.0,0.09802083333333333,0.05908507853746414,0.2725018328049381,593.7230972465234,93.75,54.4110107421875,8.0,250.0,3000.0,51.596370697021484,6816.466347803221,6556.266192986067,6.663576126098633,0.7184241414070129,no metal,no metal
44.71390228299725,616.592086475124,11.71875,0.000843459798488766,11.008646042507717,16.475101324188522,23.386571433192742,23.510412810162094,26.57424844933345,0.04310925677418709,480.46875,0.8032544851303101,1.64,0.5560222864151001,6.192288875579834,-7.266871136715622e-05,7.266871136715622e-05,0.0013697242829948664,0.006254526320844889,0.01348918117582798,2.1567070484161377,0.14341666666666666,0.08485457920792079,0.27828414117985084,0.0031881914474070072,0.003299972740933299,0.017404591664671898,4.336112851888174e-06,1.5473809242248535,1.6097946166992188,1.330633055345084,0.002354835858568549,0.00015005565364845097,0.0014614930842071772,0.004555904772132635,0.0013697242829948664,0.032936520874500275,1.6112534999847412,1.0,0.09802083333333333,0.0560113862156868,0.2567042016958482,597.6101285559217,93.75,51.72858810424805,8.0,264.0,3000.0,49.726924896240234,6908.5996913095605,6623.160460328228,6.197517395019531,0.7222322225570679,no metal,no metal
44.32356467127244,614.6711483572728,11.71875,0.00082936673425138,9.456774353266079,14.870559697782051,22.577130064034442,23.599856098384027,24.209303313747725,0.04334498941898346,527.34375,0.809867799282074,1.875,0.378633052110672,6.1214189529418945,-7.167187476944487e-05,7.167187476944487e-05,0.0013521004002541304,0.00626835972070694,0.013519699685275555,2.156816244125366,0.1435,0.09132793162128713,0.2778712660019046,0.0032015149481594563,0.003305795369669795,0.01736467517912388,1.2644690059460117e-06,1.5430488586425781,1.5967602729797363,1.3336441118148288,0.0023458946961909533,0.00015039919526316226,0.001451804768294096,0.004507491830736399,0.0013521004002541304,0.03336649388074875,1.6158472299575806,1.0,0.09802083333333333,0.05697096511721611,0.2626580548280564,609.7197721712245,93.75,52.27927780151367,8.0,269.0,3000.0,49.5953369140625,6876.57702059325,6605.8399882837675,6.40323543548584,0.7208267450332642,no metal,no metal
44.51702503181168,613.3679149350646,11.71875,0.0008317657629959285,10.597951405038236,17.51032127956344,24.75643655548807,26.626881372554763,24.46710658894341,0.042514268308877945,480.46875,0.796840250492096,1.64,0.4941447377204895,6.2880706787109375,-7.390724931729932e-05,7.390724931729932e-05,0.0013686091406270862,0.006267241667956114,0.013580736704170704,2.1669399738311768,0.1474375,0.09099677057549505,0.2772167493912076,0.003200205508619547,0.0033051171340048313,0.017528260126709938,9.986079021473415e-06,1.5445340871810913,1.603780746459961,1.3365025953409495,0.0023493776097893715,0.00014807003026362509,0.0014563178410753608,0.004555125720798969,0.0013686091406270862,0.032506246119737625,1.6132313013076782,1.0,0.09802083333333333,0.0558643639087677,0.2725122879529305,656.9317601539265,93.75,51.12862014770508,8.0,256.0,3000.0,48.256893157958984,6814.9506879916025,6528.070697487875,6.219852447509766,0.7213826775550842,no metal,no metal
44.29900112884307,613.7400222022973,11.71875,0.0008263603085651994,10.376750235256699,15.925919269395724,33.21505214881878,24.19220177089625,21.674208006192163,0.0417373850941658,480.46875,0.8114162087440491,1.7083333333333333,0.4059290289878845,6.190370559692383,-7.310547483478754e-05,7.310547483478754e-05,0.0013561572413891554,0.006264016963541508,0.013611255213618279,2.1729276180267334,0.1493125,0.09381284808168316,0.27724182153568244,0.00319291721098125,0.003304855665192008,0.017522266134619713,1.4402698980120476e-06,1.5433021783828735,1.5911121368408203,1.3347880714258027,0.002357445191591978,0.00015113678819034249,0.0014282910851761699,0.004512757994234562,0.0013561572413891554,0.03349100053310394,1.6505355834960938,1.0,0.09802083333333333,0.05931664630770683,0.2753616801302488,597.7373025132271,93.75,54.74790954589844,8.0,259.0,3000.0,51.38460159301758,6843.193393183127,6580.798558173798,6.689184188842773,0.7178834676742554,no metal,no metal
44.406675563273446,614.5827448602059,11.71875,0.0008327017421834171,10.902677402175215,18.902749789499058,25.976918233578218,24.6864466090687,26.729492447681714,0.04101217910647392,480.46875,0.8065676093101501,1.64,0.46671244502067566,6.1277618408203125,-7.330961736286382e-05,7.330961736286382e-05,0.001359764952212572,0.00626390241086483,0.013519699685275555,2.158350944519043,0.145375,0.09167117883663366,0.27771913126998077,0.0031954506412148476,0.0033040635753422976,0.017410656437277794,5.203882665227866e-06,1.5489295721054077,1.6205320358276367,1.331034959691592,0.002375558950006962,0.00015017710393294692,0.001450920826755464,0.00451706675812602,0.001359764952212572,0.03324659913778305,1.6372767686843872,1.0,0.09802083333333333,0.05623095855116844,0.2594875059220262,601.0707909596133,93.75,51.75143051147461,8.0,255.0,3000.0,48.3490104675293,6850.160605401598,6584.622769460181,6.26274299621582,0.7204203605651855,no metal,no metal
44.42149262537274,614.7907944030387,11.71875,0.0008306409581564367,11.883953830767082,17.92821245820067,20.783787840847623,20.64219715266652,26.64044809807864,0.0440729521214962,480.46875,0.8187510967254639,1.7083333333333333,0.5159866809844971,6.1771111488342285,-7.134455035377139e-05,7.134455035377139e-05,0.001360840629786253,0.006272662431001663,0.013733329251408577,2.189393997192383,0.143375,0.09140528310643564,0.27679391670711195,0.0031959929037839174,0.0033066400792449713,0.017577683553099632,1.081718664863729e-06,1.5509456396102905,1.6163687705993652,1.328347646832742,0.002352539449930191,0.0001522497768746689,0.001435682876035571,0.004521363414824009,0.001360840629786253,0.033673420548439026,1.6386204957962036,1.0,0.09802083333333333,0.057313282042741776,0.2684602451363556,620.7752742337398,93.75,52.57909393310547,8.0,261.0,3000.0,49.87247085571289,6879.2004092913485,6615.471070272026,6.415290832519531,0.720812976360321,no metal,no metal
44.39561800848083,613.8884119247717,11.71875,0.0008282227790914476,11.248864948693509,20.315186237738498,21.61050211306268,21.782214865320057,21.988007210919505,0.04127869755029678,480.46875,0.780612587928772,1.5769230769230769,0.5229998230934143,6.233105659484863,-7.22833086892721e-05,7.22833086892721e-05,0.0013644908322021365,0.006272024009376764,0.013519699685275555,2.1555562019348145,0.1434375,0.08994527382425743,0.27736805463780156,0.0031974557787179947,0.003309831954538822,0.0175278689712286,4.240819635015214e-06,1.5417232513427734,1.5894675254821777,1.3349907753224617,0.0023584424052387476,0.00014496540825348347,0.0014411635929718614,0.004520732443779707,0.0013644908322021365,0.032066795974969864,1.6364848613739014,1.0,0.09802083333333333,0.05579046159982681,0.27120902692627835,642.0981115887664,93.75,51.398353576660156,8.0,259.0,3000.0,48.08549118041992,6827.859810248622,6546.0246251474155,6.13906717300415,0.7190250754356384,no metal,no metal
44.40477583908002,614.7234376552185,11.71875,0.0008333935402333736,10.925725761599969,17.416081876915694,24.498663046168918,36.51566841180692,21.06647817898625,0.03938065096735954,480.46875,0.8082152009010315,1.5185185185185186,0.35189807415008545,6.18790864944458,-7.169498243828607e-05,7.169498243828607e-05,0.0013588274596258998,0.0062640393152832985,0.01355021819472313,2.1631758213043213,0.14116666666666666,0.08921285194925743,0.27770108044666486,0.003186216112226248,0.0033066528849303722,0.017430933192372322,2.487537358319969e-06,1.54771089553833,1.5967535972595215,1.3293217833295892,0.002354457974433899,0.0001507661654613912,0.0014357749605551362,0.004517218563705683,0.0013588274596258998,0.03337588533759117,1.639851689338684,1.0,0.09802083333333333,0.05871889367699623,0.27482455826256613,599.8871653023269,93.75,54.33558654785156,8.0,254.0,3000.0,50.7835693359375,6826.4637911164245,6555.358067342059,6.626343250274658,0.7203012108802795,no metal,no metal
44.43620821192132,613.699804062747,11.71875,0.0008299637702293694,10.041208215009858,15.02806269066803,22.508723113587084,23.79559683973582,28.509306463510956,0.043667931109666824,480.46875,0.767306923866272,2.411764705882353,0.5584481954574585,6.22029447555542,-7.317893238037641e-05,7.317893238037641e-05,0.0013611603062599897,0.006256169639527798,0.013672292232513428,2.1854095458984375,0.14929166666666666,0.08958510597153466,0.2775678033346735,0.0031885046046227217,0.0033006970770657063,0.017596209421753883,7.172813639044762e-06,1.551908016204834,1.6285080909729004,1.3279945671649964,0.0023747486993670464,0.00014331011334434152,0.0014450419694185257,0.0045350645668804646,0.0013611603062599897,0.031600456684827805,1.6433769464492798,1.0,0.09802083333333333,0.05820300802588463,0.26882082973443183,585.8125833882818,93.75,54.00931930541992,8.0,254.0,3000.0,50.087467193603516,6813.9434256535405,6569.218114772909,6.535292148590088,0.7193016409873962,no metal,no metal
44.40967968583981,613.6420463056149,11.71875,0.0008269576355814934,10.558035701819358,15.352266606229255,23.48756106890649,26.351281858396867,25.50162763302239,0.04088984802365303,480.46875,0.8132684826850891,1.64,0.27961239218711853,6.131899356842041,-7.310505820100429e-05,7.310505820100429e-05,0.0013575840275734663,0.0062698908150196075,0.013580736704170704,2.1660244464874268,0.14547916666666666,0.09088074334777228,0.2773400285883234,0.0031977491453289986,0.0033067220356315374,0.017425283789634705,7.989517030182469e-07,1.5548290014266968,1.641150951385498,1.331294053865516,0.0023551604244858027,0.0001511814189143479,0.0014637202257290483,0.004535752814263105,0.0013575840275734663,0.03333105146884918,1.6090235710144043,1.0,0.09802083333333333,0.05609167367219925,0.2707484254009323,635.824765634369,93.75,51.5263786315918,8.0,254.0,3000.0,49.68284225463867,6803.633283822098,6534.976772149149,6.221920967102051,0.7184427380561829,no metal,no metal
44.50838849694468,615.5520470672775,11.71875,0.000826376024633646,9.265086995971371,13.9067912737214,23.625301338357026,25.002647116171836,23.640106176122963,0.04289253428578377,457.03125,0.7979419827461243,1.625,0.4943106472492218,6.179902076721191,-7.263302554992515e-05,7.263302554992515e-05,0.0013692957581952214,0.006272879429161549,0.01355021819472313,2.1601274013519287,0.13883333333333334,0.08379583075495049,0.2781162165283934,0.003192465053871274,0.0033106270711869,0.01738402247428894,1.1898385992026306e-06,1.5519235134124756,1.624006748199463,1.33316838946773,0.0023509557358920574,0.00014837741036899388,0.0014608461642637849,0.004518338944762945,0.0013692957581952214,0.03283892944455147,1.6093109846115112,1.0,0.09802083333333333,0.05659490078687668,0.27320679450425917,641.7326955795052,93.75,52.12520980834961,8.0,259.0,3000.0,48.87181854248047,6809.0664211496205,6545.887462097815,6.266022682189941,0.7172266244888306,no metal,no metal
44.6902602049089,615.9185360468233,11.71875,0.0008275423897430301,10.500358449928656,17.218554180755156,22.860991350496192,22.19616551698674,24.110561164374303,0.040436577051877975,527.34375,0.8061536550521851,1.8,0.16598230600357056,6.238476753234863,-7.34972566660917e-05,7.34972566660917e-05,0.0013685566373169422,0.006264789029955864,0.013733329251408577,2.192145586013794,0.14345833333333333,0.08509388536509901,0.277499760154269,0.0031950604170560837,0.0033042151480913162,0.017646033316850662,2.2154076759761665e-06,1.5520775318145752,1.6331286430358887,1.3342985118578985,0.0023556496016681194,0.00015008519403636456,0.0014545491430908442,0.004562035668641329,0.0013685566373169422,0.03289873152971268,1.6195050477981567,1.0,0.09802083333333333,0.05664936825633049,0.2747623812952951,635.0860952292666,93.75,51.86056137084961,8.0,256.0,3000.0,48.42417907714844,6782.820164557722,6538.673658123498,6.404085159301758,0.7198750376701355,no metal,no metal
44.63137505314785,617.7261920812631,11.71875,0.0008386505069211125,11.01326685123437,17.53462753131973,23.37943659821,24.730115623366867,23.804513812499394,0.04252040386199951,480.46875,0.8392990231513977,1.7083333333333333,0.40764319896698,6.1878838539123535,-7.35963166718552e-05,7.35963166718552e-05,0.0013672264758497477,0.006266752723604441,0.013641773723065853,2.176848888397217,0.147375,0.0899791150990099,0.2775343673643729,0.0031923323404043913,0.0033047839533537626,0.01742246001958847,5.0649714466999285e-06,1.5511778593063354,1.614945888519287,1.3236488507551283,0.0023449703585356474,0.0001563411788083613,0.0014516927767544985,0.004524711053818464,0.0013672264758497477,0.034552741795778275,1.6153351068496704,1.0,0.09802083333333333,0.055839650332927704,0.27110244788379234,649.6255296073275,93.75,50.71284103393555,8.0,253.0,3000.0,47.89524841308594,6808.207047846187,6544.629135338291,6.208637237548828,0.7193136811256409,no metal,no metal
44.15576600040697,610.697337265397,11.71875,0.0008245266508311033,9.788429210502585,14.957252050528275,23.1257747081143,25.301300503058016,22.437638634168227,0.04030006006360054,480.46875,0.7859135866165161,1.64,0.5491049885749817,6.16018009185791,-7.507739873140449e-05,7.507739873140449e-05,0.0013593159383162856,0.006268375087529421,0.013519699685275555,2.156810998916626,0.14120833333333332,0.09200233988242575,0.27763583533519676,0.003195913741365075,0.0033069795463234186,0.0172846969217062,2.66319079855748e-06,1.542749285697937,1.588080883026123,1.3330617578288178,0.002348412061110139,0.00014613756502512842,0.0014527625171467662,0.004507025238126516,0.0013593159383162856,0.03242439404129982,1.616514801979065,1.0,0.09802083333333333,0.0563247986137867,0.2606603499707403,619.7248615970773,93.75,51.475807189941406,8.0,257.0,3000.0,49.280784606933594,6870.274965244233,6592.449207176149,6.238364219665527,0.7223753333091736,no metal,no metal
44.520608277179186,614.1647590160406,11.71875,0.0008358749910257757,10.222645738693995,17.431282070150186,22.415782793299655,20.964919344138835,24.999231287564072,0.042499370872974396,480.46875,0.8138493299484253,1.64,0.388286292552948,6.1410112380981445,-7.33096996763655e-05,7.33096996763655e-05,0.0013699637493118644,0.006273349747061729,0.013580736704170704,2.164830207824707,0.1435,0.08947874767945545,0.277124484581799,0.0031884959898889065,0.0033110652584582567,0.017382722347974777,1.2948678886459675e-05,1.5533015727996826,1.6221604347229004,1.3283204887454862,0.0023549438919872046,0.00015149290265981108,0.0014435570919886231,0.004542347975075245,0.0013699637493118644,0.03335123136639595,1.631347894668579,1.0,0.09802083333333333,0.057146377861499786,0.26546662283055916,616.1205694079035,93.75,52.68889236450195,8.0,257.0,3000.0,49.81201171875,6811.194169043153,6561.909291949865,6.381269454956055,0.719601571559906,no metal,no metal
44.91186646496039,617.608818556015,11.71875,0.0008378011407330632,11.259012709751218,17.34922613884374,26.96038280631696,22.998154721843378,19.974200684602394,0.04237908124923706,527.34375,0.8003695011138916,1.875,0.32518303394317627,6.263604640960693,-7.18254473411896e-05,7.18254473411896e-05,0.0013798447325825691,0.0062531339935958385,0.013519699685275555,2.1620678901672363,0.1435,0.08890102877475248,0.2772153608052757,0.00318669225089252,0.0032998486422002316,0.017394358292222023,5.624462460218638e-07,1.5380793809890747,1.5680017471313477,1.336993782486071,0.002364066196605563,0.00014959317923057824,0.0014583793235942721,0.004584090318530798,0.0013798447325825691,0.03263312205672264,1.6210228204727173,1.0,0.09802083333333333,0.05611194670200348,0.2555338830393951,590.421491873508,93.75,51.520328521728516,8.0,268.0,3000.0,49.03591537475586,6895.092830790661,6617.322858164474,6.234851360321045,0.7227410078048706,no metal,no metal
44.523480840796026,614.488488922156,11.71875,0.0008409376605413854,9.861588572134055,17.15408324615933,19.721612743461215,21.573652142701775,24.42395839929775,0.04673357307910919,527.34375,0.8524482846260071,1.8,0.5701616406440735,6.115251541137695,-7.323501743271324e-05,7.323501743271324e-05,0.0013663771096616983,0.006270791869610548,0.013702810741961002,2.185180187225342,0.14941666666666667,0.08421401222153466,0.2778328794405417,0.0031955961603671312,0.0033080321736633778,0.01734582893550396,4.082760824530851e-06,1.5507255792617798,1.6243743896484375,1.329244414433802,0.002355538308620453,0.00015847390750423074,0.0014486877480521798,0.004535955376923084,0.0013663771096616983,0.03493727371096611,1.6259807348251343,1.0,0.09802083333333333,0.05639759823679924,0.2668018556928604,632.7671883622752,93.75,52.03736877441406,8.0,262.0,3000.0,48.791080474853516,6898.365785280403,6614.399163305496,6.277956008911133,0.7211888432502747,no metal,no metal
44.234130682257174,611.4761355393463,11.71875,0.0008313559228554368,11.124415927011368,18.89099801515764,27.506037455853317,22.95008666181133,21.23266124107215,0.04081304743885994,562.5,0.8109545111656189,1.92,0.44299644231796265,6.194035053253174,-7.313594848922286e-05,7.313594848922286e-05,0.0013561423402279615,0.00626466516405344,0.013458662666380405,2.1483449935913086,0.14333333333333334,0.08817827583539604,0.27721911002012695,0.00319195119664073,0.003303854027763009,0.017406953498721123,2.1044411369075533e-06,1.53997004032135,1.567270278930664,1.3291960237001472,0.0023590491618961096,0.0001510956499259919,0.0014415698824450374,0.0045198071748018265,0.0013561423402279615,0.033429667353630066,1.6364445686340332,1.0,0.09802083333333333,0.05946912616491318,0.2784328045271421,607.2039224025368,93.75,55.214195251464844,8.0,252.0,3000.0,51.33327865600586,6824.73493861954,6544.047933632222,6.755534648895264,0.7204618453979492,no metal,no metal
44.7789621865748,616.8331197228041,11.71875,0.0008297804743051529,9.243256250310907,15.22157771603003,29.462614004078223,26.427055122040024,25.894117510799397,0.04270791634917259,527.34375,0.8080558776855469,1.875,0.563907265663147,6.208986282348633,-7.46074346973282e-05,7.46074346973282e-05,0.0013733136001974344,0.006253716070204973,0.013611255213618279,2.176506757736206,0.1435,0.0910620358910891,0.2771571847907297,0.0031889842357486486,0.003298686584457755,0.017743755131959915,1.2445079846656881e-06,1.5465694665908813,1.6062774658203125,1.3319650883789331,0.002374634612351656,0.00015097435971256346,0.0014681104803457856,0.0045645274221897125,0.0013733136001974344,0.03307557478547096,1.6174768209457397,1.0,0.09802083333333333,0.05693387985229492,0.26456261474267073,616.7251164425373,93.75,52.19828414916992,8.0,259.0,3000.0,49.66190719604492,6803.762505921654,6564.571273595612,6.362199783325195,0.7220871448516846,no metal,no metal
44.93886523726146,618.5533984920424,11.71875,0.0008370422292500734,10.558199975198091,18.963401364485186,22.002050956930262,24.042671698715175,23.41291171493117,0.03930794820189476,527.34375,0.7938100695610046,1.6666666666666667,0.209663525223732,6.240981578826904,-7.305655290479926e-05,7.305655290479926e-05,0.0013793088728561997,0.006267667282372713,0.01355021819472313,2.16192364692688,0.13902083333333334,0.08361453821163366,0.27755893613732424,0.00319746439345181,0.0033064878080040216,0.017354771494865417,2.7865032734553097e-06,1.5467662811279297,1.6121554374694824,1.3374745135719799,0.0023619551211595535,0.00014758082397747785,0.0014697738224640489,0.004574200138449669,0.0013793088728561997,0.03226374462246895,1.6070194244384766,1.0,0.09802083333333333,0.056004032492637634,0.2742600129200274,650.7133860907683,93.75,51.149959564208984,8.0,251.0,3000.0,47.74280548095703,6796.677660077309,6529.175104206367,6.293453693389893,0.7213419079780579,no metal,no metal
45.32522994724806,620.0176800928868,11.71875,0.0008468254236504436,11.006039992778458,24.86771068218415,13.246349464145894,9.325764210452661,11.10598271209674,0.04128398001194,527.34375,0.8173519968986511,1.8,0.3201642632484436,6.216253757476807,-7.287524505932396e-05,7.287524505932396e-05,0.0013879297766834497,0.006223613861948252,0.01342814415693283,2.1576120853424072,0.1433125,0.0923673422029703,0.2800165046907976,0.003170999698340893,0.0032888129353523254,0.01734313555061817,1.7807833501137793e-05,1.534788966178894,1.5512008666992188,1.3637186074347,0.0023758700117468834,0.00015394836373161525,0.0014738444006070495,0.00463641295209527,0.0013879297766834497,0.03320419415831566,1.6120222806930542,1.0,0.09802083333333333,0.05845613777637482,0.276590462088319,604.1704155245989,93.75,54.333740234375,8.0,259.0,3000.0,51.58281326293945,6808.026632569918,6537.54795678981,6.680357933044434,0.7192752957344055,no metal,no metal
44.583722558347915,612.7370548525549,11.71875,0.000831420358736068,10.026401713687287,15.63433822636602,22.355618909117975,18.97569853288151,23.197085071769784,0.04525214806199074,527.34375,0.8171381950378418,2.6470588235294117,0.6236929893493652,6.133022308349609,-7.336446080933143e-05,7.336446080933143e-05,0.0013673276407644153,0.0062695639207959175,0.013794366270303726,2.200211524963379,0.1475,0.08707118270420793,0.2767743511309346,0.0031921742483973503,0.003309106221422553,0.017494874075055122,3.3153119147755206e-06,1.5463895797729492,1.603616714477539,1.3379920600625999,0.002370065078139305,0.00015201489441096783,0.0014713192358613014,0.0045739393681287766,0.0013673276407644153,0.03323500603437424,1.610843539237976,1.0,0.09802083333333333,0.057082876563072205,0.271007355326937,634.8945207128996,93.75,52.50360107421875,8.0,264.0,3000.0,49.422149658203125,6838.1859916637,6603.182014841662,6.475083827972412,0.7203378677368164,no metal,no metal
44.640734069873254,616.6351757863529,11.71875,0.0008329215343110263,10.488136049458072,15.153135563490254,22.993176874004185,20.468974504542977,22.132653835140122,0.03973165154457092,492.1875,0.8058549761772156,1.68,0.2281564474105835,6.245814800262451,-7.280805618801398e-05,7.280805618801398e-05,0.001367088290862739,0.0062716249376535416,0.013580736704170704,2.1654255390167236,0.15104166666666666,0.08916209003712872,0.2777198698867879,0.0031975065357983112,0.0033098196145147085,0.017470967024564743,4.4179552105561015e-07,1.547434687614441,1.6158623695373535,1.3347061661757085,0.0023496639914810658,0.00014966427988838404,0.001450803130865097,0.00454337103292346,0.001367088290862739,0.032941240817308426,1.6195608377456665,1.0,0.09802083333333333,0.055615708231925964,0.27242749939226424,650.1485537018858,93.75,50.884239196777344,8.0,251.0,3000.0,47.86681365966797,6813.018300695863,6535.379681036499,6.136732578277588,0.7206742763519287,no metal,no metal
44.66533514804973,617.0281263734893,11.71875,0.0008403277606703341,9.814817074682324,15.059034674688103,24.27733244060264,26.851978379072506,24.93952583937335,0.040036123245954514,480.46875,0.8107508420944214,1.64,0.2918415069580078,6.262646198272705,-7.359144130962457e-05,7.359144130962457e-05,0.0013642694102600217,0.006262199953198433,0.013580736704170704,2.168684720993042,0.1493125,0.08679561803836634,0.2776337366213761,0.003192473901435733,0.0033041394781321287,0.017483003437519073,6.77848220220767e-07,1.5463614463806152,1.6030855178833008,1.335856171246268,0.002362197497859597,0.0001510638976469636,0.001436662394553423,0.0045535690151154995,0.0013642694102600217,0.03317483514547348,1.644225835800171,1.0,0.09802083333333333,0.05792509391903877,0.2711076929157095,599.3779569705267,93.75,53.36818313598633,8.0,256.0,3000.0,50.41981506347656,6824.209342106314,6547.064755315914,6.434317111968994,0.719215452671051,no metal,no metal
44.53696020601266,614.7286875064606,11.71875,0.0008272394188679755,10.220826947227614,15.87475955208285,24.73060265641385,21.01591798524731,20.358204280058487,0.03864218667149544,527.34375,0.7980307340621948,1.7307692307692308,0.37008950114250183,6.137004375457764,-7.423462125397832e-05,7.423462125397832e-05,0.00136093411128968,0.006270277313888073,0.013580736704170704,2.16589093208313,0.143375,0.08743376779084158,0.2771209533457505,0.0031992211006581783,0.0033094522077590227,0.017404301092028618,3.3403734960302245e-06,1.5398550033569336,1.5849881172180176,1.3402306435004883,0.002350673545151949,0.0001481556537328288,0.0014613437233492732,0.004545766860246658,0.00136093411128968,0.03259200602769852,1.608569860458374,1.0,0.09802083333333333,0.05669621005654335,0.265664556406636,615.2090065426856,93.75,52.358726501464844,8.0,258.0,3000.0,50.12015914916992,6847.318474040095,6569.783271443125,6.289829730987549,0.7210703492164612,no metal,no metal
44.455866537701766,614.3952259285285,11.71875,0.0008302864735014737,11.14705338759114,17.477678977832632,18.13965962416207,20.23082673163304,22.28274696771708,0.041329555213451385,480.46875,0.8183168172836304,1.64,0.39040952920913696,6.226025104522705,-7.379531882136566e-05,7.379531882136566e-05,0.0013660232070833445,0.006270344369113445,0.01355021819472313,2.1610007286071777,0.13902083333333334,0.08407864712252475,0.27771684408360975,0.003191265044733882,0.0033082112204283476,0.017271580174565315,1.26121574339777e-06,1.548877239227295,1.6089215278625488,1.3312428872434314,0.0023656946141272783,0.00015232856094371527,0.0014239093288779259,0.004530686419457197,0.0013660232070833445,0.033621519804000854,1.6614081859588623,1.0,0.09802083333333333,0.05905834957957268,0.2751955959842867,591.5349013745088,93.75,54.96129608154297,8.0,254.0,3000.0,50.89806365966797,6807.677226144611,6542.5655048823755,6.630319118499756,0.7176426649093628,no metal,no metal
44.61430312379567,616.9525012854515,11.71875,0.0008382093510590494,9.954927114087777,16.172298731367686,22.17221086881566,23.655444201121803,20.538399157951662,0.037957608699798584,480.46875,0.8091968297958374,1.64,0.16493260860443115,6.18679141998291,-7.172546887619932e-05,7.172546887619932e-05,0.0013644448481500149,0.006269673816859722,0.013733329251408577,2.1904375553131104,0.145375,0.08955368193069307,0.2774701512539245,0.003194691613316536,0.0033080284483730793,0.017327355220913887,1.3865980008631595e-06,1.5510963201522827,1.621016025543213,1.3295435452386195,0.002349801827222109,0.00015048764180392027,0.0014546563616022468,0.004531512036919594,0.0013644448481500149,0.033209145069122314,1.6153656244277954,1.0,0.09802083333333333,0.05630847066640854,0.2656810807797778,628.2364967358202,93.75,51.859092712402344,8.0,264.0,3000.0,49.41279983520508,6889.105163969364,6599.843582361486,6.254855632781982,0.72320556640625,no metal,no metal
44.38972913195812,613.5401818845742,11.71875,0.0008267460507340729,10.056494438684712,18.764822135585568,29.485032269995834,22.024706862424388,20.801218005268808,0.043747566640377045,480.46875,0.8048412799835205,1.64,0.4285828769207001,6.20527982711792,-7.435785282490594e-05,7.435785282490594e-05,0.0013667772291228175,0.006277966313064098,0.013672292232513428,2.1778218746185303,0.13895833333333332,0.09284112004950495,0.27717562537908147,0.0031979086343199015,0.003311395412310958,0.017402632161974907,2.4446590032312088e-06,1.5442750453948975,1.5870394706726074,1.331708847800139,0.0023488455917686224,0.00014937345986254513,0.0014391137519851327,0.004524504765868187,0.0013667772291228175,0.03301432356238365,1.6321473121643066,1.0,0.09802083333333333,0.05538446828722954,0.2686695005705463,647.7224755219742,93.75,50.703433990478516,8.0,252.0,3000.0,47.867191314697266,6802.767695387495,6545.3982238307135,6.112419128417969,0.7213388085365295,no metal,no metal
44.55129173615218,615.8871051461906,11.71875,0.0008330202545039356,10.100344330812074,16.312417343060204,22.927612261711865,20.273382513412223,17.657842434541195,0.04303888976573944,527.34375,0.8320894241333008,1.8,0.3110027313232422,6.162089824676514,-7.296864714361037e-05,7.296864714361037e-05,0.0013616516953334212,0.006277113687247038,0.013672292232513428,2.1781177520751953,0.14325,0.08825321008663366,0.27725745617694864,0.0031951775308698416,0.0033125337213277817,0.017221277579665184,1.4341338783196989e-06,1.5510163307189941,1.6197786331176758,1.3349086458167871,0.002354055643081665,0.00015450228238478303,0.0014617746928706765,0.0045357681810855865,0.0013616516953334212,0.03406308963894844,1.6104093790054321,1.0,0.09802083333333333,0.056548718363046646,0.26572214900071434,627.7359428249882,93.75,51.694576263427734,8.0,253.0,3000.0,49.235496520996094,6863.1173376026745,6585.184339021876,6.34429931640625,0.7222847938537598,no metal,no metal
44.47321670108074,615.1263966336754,11.71875,0.0008317562169395387,11.264891439694557,17.702995262792882,21.719224479814883,23.506662155543033,21.014662430349404,0.04511436074972153,480.46875,0.8036289215087891,1.7083333333333333,0.5569390654563904,6.115333557128906,-7.386493637481034e-05,7.386493637481034e-05,0.0013542653759941459,0.006260753143578768,0.01355021819472313,2.164311170578003,0.1433125,0.09428662592821782,0.27739003498332837,0.0031932243146002293,0.0033032165374606848,0.017321094870567322,6.447725354519207e-06,1.542590618133545,1.5898432731628418,1.3329637939831294,0.00236091879196465,0.0001497564953751862,0.0014681227039545774,0.004537311848253012,0.0013542653759941459,0.03300555422902107,1.6081209182739258,1.0,0.09802083333333333,0.056814469397068024,0.26630486680333465,620.211241423307,93.75,52.39359664916992,8.0,264.0,3000.0,49.70305252075195,6874.751512674719,6617.249702800081,6.386138916015625,0.7221505045890808,no metal,no metal
44.48246331702599,614.1674071907761,11.71875,0.0008319585467688739,9.80979841404862,18.386395672571673,22.98500409537311,31.27540536185637,28.961836764747687,0.045174576342105865,515.625,0.8350855708122253,1.76,0.3114125728607178,6.224072456359863,-7.341864182900031e-05,7.341864182900031e-05,0.0013687883038073778,0.006264487747102976,0.013672292232513428,2.1825075149536133,0.1434375,0.08979298808787128,0.27700284624519356,0.003190416842699051,0.0033042561262845993,0.017366521060466766,3.432636049183202e-06,1.5459829568862915,1.5929789543151855,1.3295592472883209,0.002347007393836975,0.0001556731731398031,0.0014256288995966315,0.004537579603493214,0.0013687883038073778,0.034307535737752914,1.6462961435317993,1.0,0.09802083333333333,0.05820097029209137,0.27047297318737895,609.6431482588272,93.75,53.67243957519531,8.0,254.0,3000.0,50.48683166503906,6811.508209227222,6547.215395373631,6.566828727722168,0.7201886773109436,no metal,no metal
44.641490128428224,615.0146999344672,11.71875,0.0008311381679959595,9.758672666277159,14.716460893766119,23.972662350933167,20.61214218909044,24.03292127304745,0.04563649371266365,480.46875,0.8009780645370483,1.7083333333333333,0.7125677466392517,6.263567924499512,-7.310549790150525e-05,7.310549790150525e-05,0.001369889359921217,0.006270046345889568,0.01355021819472313,2.1611032485961914,0.14554166666666668,0.08612604424504951,0.27784906752004906,0.0031944122165441513,0.0033082105219364166,0.017401471734046936,6.557656433869852e-06,1.5492209196090698,1.6154770851135254,1.3307895730400585,0.002356904558837414,0.00014896590437274426,0.0014507987070828676,0.004558485001325607,0.001369889359921217,0.03267882019281387,1.624556541442871,1.0,0.09802083333333333,0.05650235339999199,0.27399608160252653,637.0863559274208,93.75,52.202308654785156,8.0,256.0,3000.0,48.794647216796875,6788.381888624928,6535.234158880209,6.33271598815918,0.7184768319129944,no metal,no metal
44.439702921551394,612.4566255184623,11.71875,0.0008276674780063331,10.777554558164391,16.848053168822627,20.55238402704751,33.8896050004774,21.584977149465402,0.04055178910493851,480.46875,0.794819176197052,1.64,0.345488965511322,6.200002193450928,-7.347777094051735e-05,7.347777094051735e-05,0.001357427448965609,0.006260191556066275,0.013611255213618279,2.17425537109375,0.14116666666666666,0.0887850015470297,0.27783310764437,0.003186932299286127,0.003305647522211075,0.017298325896263123,1.97628673959116e-06,1.5464085340499878,1.6001286506652832,1.335431972840157,0.0023609481286257505,0.00014830013969913125,0.0014575881650671363,0.004559508990496397,0.001357427448965609,0.03252546116709709,1.6197634935379028,1.0,0.09802083333333333,0.05888861417770386,0.273208912543482,597.0571306611141,93.75,54.32583999633789,8.0,258.0,3000.0,51.131961822509766,6826.266049319093,6565.8001542201255,6.6562299728393555,0.7181809544563293,no metal,no metal
44.37213501923941,613.1422401268544,11.71875,0.0008345040841959417,10.239898051908964,16.088888417163474,21.441557237724204,22.880384128692693,28.02564208870853,0.039909180253744125,457.03125,0.7793880701065063,1.56,0.4296850860118866,6.327142715454102,-7.154407910832703e-05,7.154407910832703e-05,0.0013620563549920917,0.0062787882052361965,0.013763847760856152,2.1921184062957764,0.13895833333333332,0.08665541847153466,0.27709585467838704,0.0031919246539473534,0.0033135334961116314,0.017363833263516426,4.314599664212437e-06,1.5488337278366089,1.6006669998168945,1.3282758217255213,0.00234400131739676,0.00014478624507319182,0.001425084425136447,0.004537057597190142,0.0013620563549920917,0.03191192448139191,1.6448158025741577,1.0,0.09802083333333333,0.05853690207004547,0.2708489752615082,605.7161965515581,93.75,53.8271369934082,8.0,254.0,3000.0,50.5643196105957,6826.13170147721,6547.111658897752,6.574631690979004,0.7205682992935181,no metal,no metal
44.57533577549988,615.3468823200825,11.71875,0.0008269114186987281,10.811505563374372,16.821402784846946,25.55557504144199,24.20429599149828,21.88751002399092,0.04376624897122383,480.46875,0.7794457077980042,1.7083333333333333,0.4965168833732605,6.277707576751709,-7.255948279696695e-05,7.255948279696695e-05,0.0013705353485420346,0.006263516843318939,0.013519699685275555,2.1584837436676025,0.1474375,0.08766340501237624,0.2779153806636966,0.003191347699612379,0.003304986748844385,0.01739220879971981,4.438059931999305e-06,1.5455517768859863,1.5958681106567383,1.3319489011256027,0.0023564952425658703,0.00014525883307214826,0.0014429675647988915,0.0045440057292580605,0.0013705353485420346,0.03196713328361511,1.633089542388916,1.0,0.09802083333333333,0.05606301501393318,0.27010064591767735,634.1707043122843,93.75,51.431732177734375,8.0,256.0,3000.0,47.97434997558594,6782.559026855196,6531.766414202818,6.26718807220459,0.7202637791633606,no metal,no metal
44.08457005093876,610.3987509060005,11.71875,0.0008274770225398242,9.052495131023239,14.986508219178567,25.84927526429754,23.349802771683425,22.483580654759976,0.04075733572244644,527.34375,0.8136998414993286,1.5517241379310345,0.4730900228023529,6.200451374053955,-7.394976159059147e-05,7.394976159059147e-05,0.0013538227649405599,0.006271361839026213,0.013580736704170704,2.1655163764953613,0.14116666666666666,0.08912341429455446,0.27712956638755454,0.0031949947588145733,0.0033088792115449905,0.017371930181980133,1.4321378330350854e-05,1.5471570491790771,1.6054816246032715,1.3290592992839494,0.0023554940707981586,0.00015126922517083585,0.001429622177965939,0.004500130657106638,0.0013538227649405599,0.03361440822482109,1.6476340293884277,1.0,0.09802083333333333,0.05843375623226166,0.2711493948645261,593.9457204169189,93.75,53.71460723876953,8.0,253.0,3000.0,51.1756477355957,6830.540615712967,6550.695326957087,6.5166521072387695,0.7192492485046387,no metal,no metal
44.25430558229511,611.853363341035,11.71875,0.0008374634780921042,10.4935266859614,15.320305896811222,24.95799617806838,26.73545661702117,22.02082799308699,0.04193410277366638,527.34375,0.8485974669456482,1.7307692307692308,0.37636271119117737,6.209048748016357,-7.301988053113997e-05,7.301988053113997e-05,0.001353983418084681,0.00626980559900403,0.01355021819472313,2.1611862182617188,0.14745833333333333,0.08519540918935643,0.27787524876549363,0.003194532822817564,0.003308942075818777,0.017572708427906036,2.457966047586524e-06,1.5490013360977173,1.617232322692871,1.335327122156968,0.0023446709383279085,0.0001577777584316209,0.0014336953172460198,0.004524817690253258,0.001353983418084681,0.034869417548179626,1.6354038715362549,1.0,0.09802083333333333,0.05889562889933586,0.2739884514540834,602.7782838955155,93.75,54.84178161621094,8.0,250.0,3000.0,50.94156265258789,6788.0727518388285,6534.439019644278,6.616700172424316,0.7181650400161743,no metal,no metal
43.99606658920366,608.9635559863506,11.71875,0.0008252193219959736,10.715933516257529,17.754778162002793,22.376462196987937,26.05339067746816,27.628957832837003,0.044304341077804565,527.34375,0.8004902601242065,1.8,0.6095284223556519,6.168647766113281,-7.432549522746515e-05,7.432549522746515e-05,0.001355726271867752,0.006280901841819286,0.01355021819472313,2.1573681831359863,0.1455,0.09249062113242575,0.2771794554311594,0.003198679070919752,0.0033129716757684946,0.017412476241588593,1.7371952708344907e-05,1.5494177341461182,1.6063790321350098,1.3303533608056555,0.0023453168105334044,0.00014845060650259256,0.0014400113141164184,0.0044958810321986675,0.001355726271867752,0.03301924839615822,1.6286793947219849,1.0,0.09802083333333333,0.05592391639947891,0.2575980558962164,608.6405266884437,93.75,51.33913040161133,8.0,265.0,3000.0,48.824588775634766,6883.932848027301,6607.342558788309,6.242252826690674,0.7239544987678528,no metal,no metal
44.701935597604425,614.8175563248184,11.71875,0.0008304340881295502,9.661358353900635,17.59199735528807,22.110532889536614,30.555361913744374,20.036258504156265,0.042920202016830444,527.34375,0.7993221879005432,1.8,0.7147578597068787,6.26484489440918,-7.435927437855367e-05,7.435927437855367e-05,0.0013776071136817336,0.0062710619531571865,0.013580736704170704,2.1656198501586914,0.14125,0.08688505569306931,0.277600710140315,0.0031927216332405806,0.003309411695227027,0.017551690340042114,1.9602812244556844e-06,1.5481984615325928,1.6088500022888184,1.3335316189144195,0.002348159672692418,0.00014867293066345155,0.0014595179818570614,0.004564602859318256,0.0013776071136817336,0.03257083520293236,1.608859658241272,1.0,0.09802083333333333,0.056140609085559845,0.27047028787197336,635.5333772029061,93.75,51.336326599121094,8.0,263.0,3000.0,48.036258697509766,6796.679004523242,6536.702511527268,6.19290828704834,0.7193850874900818,no metal,no metal
44.28474671345627,611.7534997977683,11.71875,0.0008238059235736728,10.553912881013423,17.07525554181924,28.41265329995911,19.618878746010182,24.789901074735997,0.040938057005405426,527.34375,0.8059400320053101,1.8,0.4817698895931244,6.145340919494629,-7.329006572546616e-05,7.329006572546616e-05,0.0013571117306128144,0.006288506556302309,0.013611255213618279,2.1644654273986816,0.1435,0.08070902305074257,0.2778342849912513,0.003199640428647399,0.0033207673113793135,0.017542583867907524,6.580352419405244e-06,1.544875144958496,1.5986762046813965,1.3395215275020866,0.0023311390541493893,0.0001490546128479764,0.001451261923648417,0.004524672869592905,0.0013571117306128144,0.032942626625299454,1.6062841415405273,1.0,0.09802083333333333,0.05729395151138306,0.2665115264621105,616.5872962264995,93.75,52.50251388549805,8.0,251.0,3000.0,49.130653381347656,6826.631272731418,6577.762467973857,6.3948187828063965,0.7197151184082031,no metal,no metal
44.54230797301029,614.5625915729378,11.71875,0.0008379003265872598,10.129514795358803,16.472335290183583,25.266438490902097,28.16873364947626,19.35793837816805,0.041352279484272,527.34375,0.8139771819114685,1.8,0.43697503209114075,6.182251453399658,-7.285046061813491e-05,7.285046061813491e-05,0.00136858643963933,0.006270748097449541,0.01355021819472313,2.1608614921569824,0.14547916666666666,0.08810334158415842,0.2780068913935517,0.0031966075766831636,0.0033095756080001593,0.017469996586441994,1.955586640178808e-06,1.544066071510315,1.5989365577697754,1.3376738383900062,0.002348979003727436,0.00015122212062124163,0.0014603666495531797,0.004538488108664751,0.00136858643963933,0.03331993147730827,1.6084858179092407,1.0,0.09802083333333333,0.05564504861831665,0.2697637267281402,646.0101966571862,93.75,51.19865798950195,8.0,259.0,3000.0,48.18836975097656,6819.934026923942,6558.796183921575,6.169166088104248,0.7191817760467529,no metal,no metal
44.12813290545159,611.8847104823728,11.71875,0.0008339248015545309,10.393034132770445,14.02072997212349,25.478765510936306,21.295677789226453,19.013271177508933,0.041224535554647446,527.34375,0.8231966495513916,1.8,0.4413394629955292,6.1948723793029785,-7.348429392158709e-05,7.348429392158709e-05,0.0013444118667393923,0.006272842176258564,0.013763847760856152,2.1941964626312256,0.14116666666666666,0.09281694771039604,0.2770782312223168,0.003195008262991905,0.0033105050679296255,0.017560653388500214,2.627409969591099e-07,1.5477055311203003,1.6075797080993652,1.3355567965380057,0.0023434532340615988,0.00015295828052330762,0.001436293008737266,0.00450377631932497,0.0013444118667393923,0.033962227404117584,1.6315983533859253,1.0,0.09802083333333333,0.058992404490709305,0.278742072084937,614.0384237930175,93.75,54.27042770385742,8.0,258.0,3000.0,50.94502639770508,6820.734311105276,6570.464721389119,6.627041816711426,0.7194339632987976,no metal,no metal
44.3766013654668,615.4628207378602,11.71875,0.0008285720250569284,10.800596312875934,15.185208680943797,20.108707198476896,23.118744236386885,22.96123796889573,0.041408829391002655,480.46875,0.8110360503196716,1.7083333333333333,0.25908103585243225,6.223695755004883,-7.253455777387892e-05,7.253455777387892e-05,0.0013598743826150894,0.006259683053940535,0.013611255213618279,2.1744320392608643,0.14335416666666667,0.09032719678217822,0.2777816237316661,0.003191909519955516,0.003302567871287465,0.0173423383384943,5.07739150634734e-06,1.5452635288238525,1.5990757942199707,1.3304222065394227,0.002358326455578208,0.0001512290327809751,0.0014243932673707604,0.004509194288402796,0.0013598743826150894,0.03353792801499367,1.6556708812713623,1.0,0.09802083333333333,0.058439865708351135,0.27741456162616074,626.3787098583299,93.75,54.09252166748047,8.0,256.0,3000.0,50.024024963378906,6801.011367658618,6542.928787442013,6.468334197998047,0.7175189256668091,no metal,no metal
44.33728130686846,615.393964201425,11.71875,0.0008300557965412736,9.091557665577382,15.384711764897801,24.461517299088566,24.155941862552876,22.54633162408767,0.04440531134605408,480.46875,0.8246232867240906,1.64,0.4769514799118042,6.256583213806152,-7.165188587344896e-05,7.165188587344896e-05,0.0013580687809735537,0.00627885852009058,0.013641773723065853,2.172651767730713,0.1434375,0.08915725556930693,0.27772105520298535,0.00320446933619678,0.003311224514618516,0.01747899316251278,5.558146767725702e-06,1.5460658073425293,1.607302188873291,1.332247167182643,0.0023325153160840273,0.00015274791803676635,0.0014328706311061978,0.004500027280300856,0.0013580687809735537,0.0339437760412693,1.627861738204956,1.0,0.09802083333333333,0.05600673332810402,0.2701369671744907,642.1750194994344,93.75,51.509185791015625,8.0,259.0,3000.0,48.11460494995117,6831.388301591854,6549.714256402656,6.169766426086426,0.7200659513473511,no metal,no metal
44.50751788146542,613.5063860792272,11.71875,0.0008281447808258235,11.963924466689848,21.726053424006064,21.88877874861723,28.81477793350349,22.07953004037817,0.04257820174098015,480.46875,0.8214141726493835,1.64,0.32494738698005676,6.219283580780029,-7.478948749018783e-05,7.478948749018783e-05,0.0013710682978853583,0.006270354148000479,0.013580736704170704,2.1658644676208496,0.14345833333333333,0.08814443456064357,0.2773611521700315,0.0031956068705767393,0.0033109404612332582,0.01753201335668564,1.3570270311902277e-06,1.5505800247192383,1.6347308158874512,1.3400301612509955,0.0023480497766286135,0.00015260062355082482,0.001466310815885663,0.00454706558957696,0.0013710682978853583,0.033560242503881454,1.6013315916061401,1.0,0.09802083333333333,0.055884040892124176,0.2716242488438362,660.0679472889209,93.75,51.530094146728516,8.0,248.0,3000.0,47.56711196899414,6813.464004667064,6537.25921361552,6.11408805847168,0.7198684811592102,no metal,no metal
44.35063816723275,614.5426754472265,11.71875,0.0008263019262813032,10.377674375475001,17.198039329149452,25.33250045707888,21.689707846394924,21.178181759918694,0.041181497275829315,480.46875,0.8145506381988525,1.64,0.4478263854980469,6.226170539855957,-7.428089212931133e-05,7.428089212931133e-05,0.0013604072155430913,0.006268032360821962,0.01348918117582798,2.152060031890869,0.14116666666666666,0.09077196782178218,0.2771353753669019,0.0031931379344314337,0.0033068503253161907,0.017454100772738457,6.915986432431964e-07,1.5470696687698364,1.6062836647033691,1.3296380047802319,0.0023567527532577515,0.0001515944895800203,0.0014304450014606118,0.004505688790231943,0.0013604072155430913,0.033645130693912506,1.6475661993026733,1.0,0.09802083333333333,0.05845661833882332,0.2700065554075809,593.0526650855488,93.75,54.3083381652832,8.0,256.0,3000.0,50.175628662109375,6835.770516079337,6561.278916539682,6.540158748626709,0.7191010117530823,no metal,no metal
44.86052611582914,617.561496475049,11.71875,0.0008381031220778823,10.801505371827272,17.29231213241056,25.656937027902337,25.776236093556744,33.993705987835895,0.04359664395451546,480.46875,0.7973438501358032,1.64,0.5624294877052307,6.204036235809326,-7.235926272141831e-05,7.235926272141831e-05,0.0013729017227888107,0.006268693599849939,0.013611255213618279,2.171306610107422,0.1435,0.08802840733292079,0.2770268181242878,0.003193081123754382,0.0033071788493543863,0.01742416061460972,2.7208548090129625e-06,1.545185923576355,1.5955195426940918,1.3297667624904124,0.00235951691865921,0.0001483962987549603,0.0014731583651155233,0.004572640638798475,0.0013729017227888107,0.032453086227178574,1.6016722917556763,1.0,0.09802083333333333,0.056596264243125916,0.2614331838176778,600.6733798972755,93.75,52.39569091796875,8.0,269.0,3000.0,49.181217193603516,6868.275673384858,6610.229263022994,6.365812301635742,0.7224593758583069,no metal,no metal
44.44804275002797,614.759713821746,11.71875,0.0008390778093598783,9.813732885552296,15.49596408388037,23.091627944691783,25.899891424010494,22.718465086510104,0.03988371789455414,480.46875,0.8270041346549988,1.64,0.14306776225566864,6.3376054763793945,-7.171390922836418e-05,7.171390922836418e-05,0.0013636734802275896,0.006272512953728437,0.013519699685275555,2.155388116836548,0.14327083333333332,0.08527034344059406,0.27779739347154814,0.003194694872945547,0.003309917636215687,0.01749606616795063,6.7356018007558305e-06,1.5482690334320068,1.6136202812194824,1.3337339399980788,0.0023516302462667227,0.00015369417087640613,0.0014179752906784415,0.004528443329036236,0.0013636734802275896,0.03393973410129547,1.6584423780441284,1.0,0.09802083333333333,0.0593031644821167,0.27703325029753306,608.4709495961654,93.75,54.76639175415039,8.0,253.0,3000.0,51.66238021850586,6824.72793909507,6561.812310298379,6.660338401794434,0.7184644937515259,no metal,no metal
44.47586318373424,616.3014814048433,11.71875,0.0008259389433078468,11.742423656099973,16.818122164448226,26.848209612764464,21.28662553772525,21.731575551912435,0.04108336567878723,527.34375,0.7933416366577148,1.8,0.5635519027709961,6.209533214569092,-7.170593727945967e-05,7.170593727945967e-05,0.0013642844278365374,0.006264924071729183,0.013611255213618279,2.1726129055023193,0.14116666666666666,0.09123124226485149,0.2775767972678668,0.0031902147457003593,0.0033050456549972296,0.017354188486933708,5.573671842284966e-06,1.5525280237197876,1.6269912719726562,1.3258673405161265,0.0023688976652920246,0.00014788875705562532,0.001430512755177915,0.004513021092861891,0.0013642844278365374,0.032769348472356796,1.6559779644012451,1.0,0.09802083333333333,0.05877866595983505,0.2708872246373373,590.2901037715394,93.75,54.28852844238281,8.0,254.0,3000.0,50.70834732055664,6820.382287723775,6550.996708403769,6.555007457733154,0.7185065150260925,metal,metal
44.618421924555705,616.035053440943,11.71875,0.0008364205132238567,10.487580581253116,15.83459838431775,25.894737041211904,23.427738824938128,33.90527496734799,0.04335904121398926,527.34375,0.7991582155227661,1.875,0.6184289455413818,6.1663007736206055,-7.312265430641231e-05,7.312265430641231e-05,0.0013630405301228166,0.006236726883798838,0.01342814415693283,2.1530754566192627,0.13897916666666665,0.0933704942759901,0.27663445820814475,0.0031773874070495367,0.003288411535322666,0.017282022163271904,1.1059369171562139e-05,1.5444132089614868,1.592170238494873,1.3331695178551,0.0023878489155322313,0.00015030716895125806,0.0014531229389831424,0.004546052776277065,0.0013630405301228166,0.03306322544813156,1.643253207206726,1.0,0.09802083333333333,0.057441167533397675,0.2692110437754623,604.2542460611385,93.75,53.3482551574707,8.0,258.0,3000.0,50.50928497314453,6857.529250431912,6560.527938926512,6.4561076164245605,0.7205846309661865,metal,metal
45.52508485468026,633.4871505561922,11.71875,0.0008439263910986483,10.829763510890679,14.960760899494105,31.996759079449895,24.385759927753842,27.972536624308574,0.04477262124419212,480.46875,0.7991344928741455,1.64,0.5905957221984863,6.268186569213867,-7.162757868640908e-05,7.162757868640908e-05,0.00136153947096318,0.006223395001143217,0.01348918117582798,2.1674954891204834,0.14445833333333333,0.08543229811262376,0.27701739344189014,0.0031785296741873026,0.0032795181032270193,0.01731807179749012,5.612779659713851e-06,1.5487855672836304,1.6109685897827148,1.3216928001980868,0.002380532445386052,0.00015063659520819783,0.0014345668023452163,0.004547033924609423,0.00136153947096318,0.033128540962934494,1.6594085693359375,1.0,0.09910416666666666,0.05774421617388725,0.26974988620124407,602.8532383189091,99.609375,54.58765411376953,8.5,254.0,3000.0,50.828975677490234,6891.378419804752,6603.362371255404,6.489520072937012,0.7214403748512268,metal,metal
44.788966950262584,617.3581290512528,11.71875,0.000832166348118335,10.353269412403188,18.161971282044924,21.674538070899104,20.096559439641418,20.056039678490933,0.045920565724372864,480.46875,0.8250299692153931,1.8636363636363635,0.8565617203712463,6.127849578857422,-7.210424723469788e-05,7.210424723469788e-05,0.0013747840421274304,0.006236310116946697,0.013702810741961002,2.1972625255584717,0.1435,0.0911466390779703,0.2769380794337273,0.003187348134815693,0.0032851595897227526,0.017300384119153023,9.283915005653398e-07,1.5335731506347656,1.5602645874023438,1.3344188324957569,0.002381626982241869,0.00015483763127122074,0.0014583723386749625,0.004556836094707251,0.0013747840421274304,0.03397919610142708,1.633072018623352,1.0,0.09802083333333333,0.05588435381650925,0.2648703350102193,624.3328684785132,93.75,51.74153137207031,8.0,253.0,3000.0,49.00072479248047,6847.650201922368,6584.694803657278,6.217205047607422,0.7199754118919373,metal,metal
44.74123938489827,617.9687888105161,11.71875,0.0008479655953124166,10.35187710875588,15.732307807480007,23.801002198754837,22.48592439254077,24.74769253656363,0.04222550243139267,480.46875,0.8061457872390747,1.64,0.31674057245254517,6.186264991760254,-7.126084219574002e-05,7.126084219574002e-05,0.0013664643047377467,0.006229302380234003,0.01348918117582798,2.165440082550049,0.1454375,0.08856261602722772,0.277466951990861,0.0031818656716495752,0.003283509984612465,0.017448725178837776,9.622795005270746e-06,1.5418105125427246,1.5962443351745605,1.334535574158512,0.0023868498392403126,0.00015165966760832816,0.0014600284630432725,0.004544150084257126,0.0013664643047377467,0.03337470442056656,1.6347967386245728,1.0,0.09802083333333333,0.055200446397066116,0.26650792554961994,628.1201474398655,93.75,50.439876556396484,8.0,251.0,3000.0,48.47687911987305,6844.691822908945,6551.909366001876,6.0984625816345215,0.7204070687294006,metal,metal
44.60512518486949,615.7244243402768,11.71875,0.0008269937825389206,9.698802672602458,15.255845163427562,24.62759317950274,22.884232822513766,23.453479330696588,0.044467564672231674,480.46875,0.8126603960990906,1.64,0.5660169124603271,6.260648727416992,-7.360232613393367e-05,7.360232613393367e-05,0.0013696113601326942,0.006281937472522259,0.013519699685275555,2.1521544456481934,0.1454375,0.08494643409653466,0.27727093793994484,0.0031957875471562147,0.0033157903235405684,0.017487479373812675,5.882543973712018e-06,1.5416494607925415,1.5752167701721191,1.332980365314611,0.0023391135036945343,0.00015070206427481025,0.0014449246227741241,0.004543755669146776,0.0013696113601326942,0.033166851848363876,1.6188480854034424,1.0,0.09802083333333333,0.05644499510526657,0.2739841361988103,651.2530643747332,93.75,51.395816802978516,8.0,259.0,3000.0,48.618408203125,6790.140203716452,6529.923527431556,6.344425678253174,0.7202284336090088,metal,metal
44.872044168071376,617.9934657678933,11.71875,0.0008443202241323888,11.328709558854227,20.9569579676699,27.864971848427402,19.939584802253925,33.3560435827633,0.04372619837522507,480.46875,0.8198878765106201,1.64,0.40333035588264465,6.109355449676514,-7.332751746694486e-05,7.332751746694486e-05,0.001370902988128364,0.006231534294784069,0.01348918117582798,2.1646645069122314,0.14560416666666667,0.09063660272277228,0.276817201067021,0.0031757247634232044,0.00328552327118814,0.017334142699837685,2.845867584255757e-06,1.5418570041656494,1.5848298072814941,1.3343004575780306,0.0023942403495311737,0.00015442036965396255,0.0014677995350211859,0.004571616183966398,0.001370902988128364,0.03377807140350342,1.6311767101287842,1.0,0.09802083333333333,0.0556521862745285,0.25803126055285613,599.774813140508,93.75,51.63814926147461,8.0,258.0,3000.0,48.75654983520508,6880.386876119187,6606.21943429275,6.22200870513916,0.7228127717971802,metal,metal
45.567149611865446,636.0608769105091,11.71875,0.0008457493968307972,9.488325620864302,17.871247067556514,24.600370122033965,26.61624113127771,20.723538088070015,0.04169464483857155,562.5,0.8016206622123718,2.0,0.45709776878356934,6.2422943115234375,-7.242521462600998e-05,7.242521462600998e-05,0.0013575591146945953,0.006224370561540127,0.01348918117582798,2.1671559810638428,0.1465625,0.08946666150990099,0.2766067904565214,0.0031795029062777758,0.0032819011248648167,0.017453951761126518,5.835159981870675e-07,1.548080325126648,1.6164178848266602,1.334258459750895,0.0023820605129003525,0.0001509877183707431,0.0014410202857106924,0.0045217107981443405,0.0013575591146945953,0.03339172527194023,1.653037428855896,1.0,0.09910416666666666,0.055008094757795334,0.26735273706957213,650.4625915827672,99.609375,51.804466247558594,8.5,254.0,3000.0,47.69635009765625,6833.834960298098,6534.716048382864,5.992650985717773,0.7211904525756836,metal,metal
45.59065915634839,632.9453685010573,11.71875,0.000844438502099365,9.721014478012634,15.45296285674278,19.308923492146395,26.34100346773885,25.506419265387233,0.039615970104932785,480.46875,0.7967744469642639,1.64,0.2626475691795349,6.247417449951172,-7.213061291621545e-05,7.213061291621545e-05,0.0013721493305638433,0.006210689898580313,0.01342814415693283,2.1621017456054688,0.1400625,0.0821956219059406,0.27718212735661696,0.003174326615408063,0.0032727019861340523,0.017257938161492348,2.2563268430531025e-05,1.5518354177474976,1.6292033195495605,1.3246141046435793,0.0023949642200022936,0.0001507450797362253,0.001450398936867714,0.004550378769636154,0.0013721493305638433,0.033128030598163605,1.6512451171875,1.0,0.09910416666666666,0.055430665612220764,0.26884025349091906,645.8891248039658,99.609375,52.45888137817383,8.5,257.0,3000.0,48.113494873046875,6828.233190057994,6540.267728331525,6.134374618530273,0.7214093208312988,metal,metal
45.56811202554184,634.6869500288814,11.71875,0.0008425973355770111,11.72882597544111,18.48093431436113,31.839918239522387,24.790500745236976,25.02441073733195,0.04265374690294266,562.5,0.8001287579536438,2.0,0.5349652171134949,6.24142599105835,-7.129735339056726e-05,7.129735339056726e-05,0.0013618443626910448,0.006213583517819643,0.013458662666380405,2.166006565093994,0.15408333333333332,0.08840066135519802,0.27702835744205306,0.0031707105226814747,0.003276978386566043,0.017276816070079803,1.1659964229693287e-06,1.5457843542099,1.592728614807129,1.3249657550546996,0.002387716667726636,0.00015133462147787213,0.001434352365322411,0.004535732790827751,0.0013618443626910448,0.033364977687597275,1.6646653413772583,1.0,0.09910416666666666,0.058011382818222046,0.2687358068810395,587.4632761350184,111.328125,54.52299880981445,9.5,261.0,3000.0,49.15084457397461,6885.557323785893,6599.522907776691,6.478386402130127,0.721010148525238,metal,metal
44.47852543079213,614.94810924962,11.71875,0.0008402584935538471,10.643909447990861,16.516037871561817,21.335587459974498,21.78911423876976,21.693869636112865,0.04463956877589226,480.46875,0.8250478506088257,1.64,0.41453275084495544,6.202761650085449,-7.243717197038247e-05,7.243717197038247e-05,0.0013626831350848079,0.006236691493541002,0.013519699685275555,2.1677680015563965,0.1433125,0.09371132425742575,0.27659448910291645,0.0031785808969289064,0.0032874911557883024,0.017579955980181694,3.7177032936597243e-06,1.542832851409912,1.586141586303711,1.3318005963044184,0.002393221016973257,0.00015516491839662194,0.0014346536481752992,0.004529541824012995,0.0013626831350848079,0.03425620496273041,1.6681524515151978,1.0,0.09802083333333333,0.057870134711265564,0.2717266282853437,605.2931872250607,93.75,53.8564338684082,8.0,259.0,3000.0,50.41685485839844,6806.249296317631,6541.448346950269,6.5529069900512695,0.7208076119422913,metal,metal
44.669291971093564,616.3749329222717,11.71875,0.0008294675499200821,11.078133999867386,20.649350401147526,22.903155467305346,28.183006877295874,28.06619336850867,0.04232347011566162,515.625,0.8066052794456482,1.76,0.656294047832489,6.216551780700684,-7.255657083736613e-05,7.255657083736613e-05,0.0013690668856725097,0.006272595841437578,0.013580736704170704,2.165090322494507,0.1455,0.08825079285272278,0.2770545610808059,0.0031980453059077263,0.003306369762867689,0.017421601340174675,3.1937000244397495e-07,1.5521959066390991,1.6286959648132324,1.328415310294135,0.0023533764760941267,0.00014992518117651343,0.0014548327308148146,0.00455437321215868,0.0013690668856725097,0.03291894868016243,1.6176267862319946,1.0,0.09802083333333333,0.055729057639837265,0.26561777944647286,622.8173111748125,93.75,50.927528381347656,8.0,255.0,3000.0,47.82322311401367,6833.605076819754,6556.339605147434,6.09217643737793,0.7191095948219299,metal,metal
45.37465447370975,627.4327523357003,11.71875,0.0008453527116216719,11.249444488879558,15.248264724093657,20.51883547844286,25.747306956368877,26.296708820301816,0.04247945174574852,480.46875,0.8086788654327393,1.64,0.3891716003417969,6.142691612243652,-7.2771645745881e-05,7.2771645745881e-05,0.001373250037431717,0.0062227933667600155,0.013458662666380405,2.1628007888793945,0.1455,0.08765615331064357,0.2770966671108625,0.0031695219222456217,0.003281103214249015,0.017221635207533836,1.195715412904974e-06,1.5486241579055786,1.605567455291748,1.3267088872384178,0.0023990387562662363,0.00015282990352716297,0.0014709675451740623,0.00456572137773037,0.001373250037431717,0.03347333148121834,1.6309256553649902,1.0,0.09802083333333333,0.05527561902999878,0.25705709559641343,600.979320333518,93.75,51.02298355102539,8.0,249.0,3000.0,48.72700881958008,6860.190294665236,6585.7666056388325,6.153831958770752,0.7215973138809204,metal,metal
45.64401984041669,636.2383366761941,11.71875,0.0008412096067331731,10.123897461120759,15.773520667929148,25.110798741555445,18.153427787661016,31.43995812849341,0.044893696904182434,480.46875,0.7944657802581787,2.411764705882353,0.7626466751098633,6.249767780303955,-7.220297347601991e-05,7.220297347601991e-05,0.001357466448098421,0.006232221145182848,0.0138248847797513,2.218291759490967,0.14858333333333335,0.09191531946163366,0.2756252134028414,0.0031806775368750095,0.0032859835773706436,0.017343617975711823,4.244959654897684e-06,1.5448870658874512,1.5918335914611816,1.3283423852653036,0.0023869189899414778,0.00014937228115741163,0.0014466915745288134,0.004534772131592035,0.001357466448098421,0.03293931484222412,1.6499155759811401,1.0,0.09910416666666666,0.054523877799510956,0.25089125150891156,595.529485946663,111.328125,50.92359161376953,9.5,255.0,3000.0,47.19998550415039,6794.7225993827415,6522.262088340294,5.902427673339844,0.7221935391426086,metal,metal
45.52064988816357,631.7880626391235,11.71875,0.0008332502911798656,10.399779670454325,15.413263357073784,28.086924183800825,25.44174087032956,23.65318947175498,0.04482858628034592,527.34375,0.7914311289787292,1.8,0.6367848515510559,6.222211837768555,-7.391207461213967e-05,7.391207461213967e-05,0.0013655890943482518,0.0062281107529997826,0.01348918117582798,2.1658544540405273,0.14858333333333335,0.09002745977722772,0.27619829434493215,0.0031791753135621548,0.0032833474688231945,0.017317090183496475,1.970631046788185e-06,1.5472955703735352,1.6057953834533691,1.3302638396196884,0.0023831415455788374,0.0001490050635766238,0.0014570193598046899,0.004559656139463186,0.0013655890943482518,0.03267901390790939,1.6356278657913208,1.0,0.09910416666666666,0.05579505115747452,0.2599153088611679,608.3235801253119,111.328125,52.08836364746094,9.5,253.0,3000.0,49.15717697143555,6779.58548767372,6518.75360453927,6.273128032684326,0.7215279936790466,metal,metal
44.86724737270252,619.2481748602972,11.71875,0.0008425656124018133,10.370397292268553,16.4334265333056,27.526092936428935,19.20414832485818,20.97314898464457,0.03985639289021492,480.46875,0.7898709774017334,1.64,0.27473321557044983,6.2192230224609375,-7.227787087946601e-05,7.227787087946601e-05,0.0013733573723584414,0.006224215496331453,0.01342814415693283,2.1574034690856934,0.1388125,0.09216912902227722,0.2767205898554954,0.003171580145135522,0.0032820540945976973,0.017307059839367867,3.5252310226496775e-06,1.5369848012924194,1.5612149238586426,1.3316178246557593,0.002391234040260315,0.00014910247409716249,0.001449903822503984,0.004554958548396826,0.0013733573723584414,0.03273409977555275,1.6492363214492798,1.0,0.09802083333333333,0.058369748294353485,0.2706755874229531,588.406735056598,93.75,54.32444763183594,8.0,250.0,3000.0,50.99284362792969,6827.124454589213,6549.841479801454,6.56263542175293,0.7196539640426636,metal,metal
44.6548530113175,616.1650678014255,11.71875,0.0008375763427466154,9.213084947032074,16.055470706849384,26.61936350262719,22.4141540764538,32.95537390842678,0.0443621464073658,527.34375,0.8452788591384888,1.8,0.4636801481246948,6.13101053237915,-7.320928166486928e-05,7.320928166486928e-05,0.001365047413855791,0.006237468216568232,0.013458662666380405,2.157712459564209,0.1435,0.0930199953589109,0.2766918959957649,0.0031793040689080954,0.003289537038654089,0.017383869737386703,1.0514074801903917e-06,1.5410534143447876,1.5837163925170898,1.339877469445949,0.0023815010208636522,0.00015884476306382567,0.0014523739228025079,0.004551336634904146,0.001365047413855791,0.03490068390965462,1.6397299766540527,1.0,0.09802083333333333,0.055455997586250305,0.27066821167593264,645.4543609950762,93.75,51.30777359008789,8.0,254.0,3000.0,48.81223678588867,6798.141583648435,6536.1700917517355,6.196742057800293,0.719394862651825,metal,metal
44.783299387117815,617.94220148544,11.71875,0.0008404713007621467,9.67024804837575,16.167637791029208,21.023237169388835,21.64189276390886,22.8590299564337,0.04087129607796669,480.46875,0.8020921945571899,1.5769230769230769,0.3447383642196655,6.190542697906494,-7.275214857956441e-05,7.275214857956441e-05,0.0013718304689973593,0.006227173842489719,0.01348918117582798,2.166180372238159,0.1435,0.0869962484529703,0.2771722991953051,0.003175529418513179,0.0032832841388881207,0.017372481524944305,3.643188506430306e-07,1.54233980178833,1.5900764465332031,1.3346050371225677,0.0023869804572314024,0.0001511745504103601,0.0014563815202564,0.0045523568987846375,0.0013718304689973593,0.0332079753279686,1.6389801502227783,1.0,0.09802083333333333,0.055753275752067566,0.25948751221343674,608.4503479785598,93.75,51.540077209472656,8.0,256.0,3000.0,47.92447280883789,6876.952255486349,6594.404996452347,6.127741813659668,0.7228618860244751,metal,metal
45.49941146731473,632.4695337925231,11.71875,0.0008382166270166636,11.280509954493104,17.450888295742786,24.448090899478544,23.72290687485848,24.855060099977557,0.04466798156499863,527.34375,0.8225078582763672,1.8,0.6715037226676941,6.220263957977295,-7.366323844019966e-05,7.366323844019966e-05,0.0013648530002683401,0.006229765713214874,0.01348918117582798,2.1652791500091553,0.14004166666666668,0.08701558632425743,0.27650264719410594,0.0031780076678842306,0.0032854098826646805,0.01727255992591381,1.1057077244913671e-05,1.5470141172409058,1.6017041206359863,1.3264476296063414,0.002375663025304675,0.00015481264563277364,0.001449211617000401,0.004543477203696966,0.0013648530002683401,0.034073606133461,1.6392796039581299,1.0,0.09910416666666666,0.05551348626613617,0.268886032112313,646.3554116058756,99.609375,52.03501892089844,8.5,258.0,3000.0,48.54062271118164,6823.009740731187,6556.261523995044,6.17000675201416,0.7190969586372375,metal,metal
44.47426568550628,615.6768058362024,11.71875,0.0008339646738022566,9.96791776807401,14.680525497691272,24.404794961188365,24.6521504002173,25.590277330643662,0.04262630268931389,480.46875,0.8267678618431091,1.64,0.5453743934631348,6.183277130126953,-7.262180906791417e-05,7.262180906791417e-05,0.0013628770830109715,0.006243102718144655,0.01355021819472313,2.1704301834106445,0.14116666666666666,0.0919322400990099,0.2769100376000394,0.003183194436132908,0.0032921084202826023,0.017273029312491417,1.6783189494162798e-05,1.5420820713043213,1.5853962898254395,1.3316835548472308,0.002372434828430414,0.00015504466136917472,0.0014288377715274692,0.004522001836448908,0.0013628770830109715,0.034286729991436005,1.6603947877883911,1.0,0.09802083333333333,0.05808306857943535,0.27403619089588277,604.1426927326654,93.75,54.099609375,8.0,252.0,3000.0,50.28010177612305,6848.492609555991,6548.782584847426,6.497314929962158,0.7194375991821289,metal,metal
44.83901571099921,618.3005722165117,11.71875,0.0008413210161961615,12.083696836791576,19.655800347342904,21.182306048631823,22.261891314868855,22.72709030824535,0.04592427238821983,480.46875,0.8334560394287109,1.5769230769230769,0.4578956365585327,6.107542991638184,-7.255204344875645e-05,7.255204344875645e-05,0.0013734210515394807,0.006226927973330021,0.01355021819472313,2.17606782913208,0.1434375,0.09380801361386139,0.2771196086472406,0.003175979247316718,0.003283517900854349,0.017304474487900734,8.796942893241066e-06,1.54227614402771,1.585226058959961,1.3343831721855537,0.0023783741053193808,0.00015710099251009524,0.0014682383043691516,0.004550387617200613,0.0013734210515394807,0.03452474996447563,1.6198829412460327,1.0,0.09802083333333333,0.05565587803721428,0.2731668676670117,649.2517133087596,93.75,51.035301208496094,8.0,256.0,3000.0,48.24676513671875,6813.262840588713,6540.915111257312,6.2455854415893555,0.7187185883522034,metal,metal
45.230096867529944,630.4814685059042,11.71875,0.0008367434493266046,10.739968802411486,17.459151684957583,32.23526302011288,28.76355817264753,22.94869589538628,0.042893268167972565,480.46875,0.8239403367042542,1.7083333333333333,0.4298027753829956,6.209163665771484,-7.183681786599506e-05,7.183681786599506e-05,0.00135756132658571,0.006220423616468906,0.01348918117582798,2.1685309410095215,0.14239583333333333,0.08743618502475248,0.2765938029991388,0.0031788055785000324,0.003278619609773159,0.017370890825986862,3.6358646866574418e-06,1.5444828271865845,1.60042142868042,1.3275290954769186,0.002400112571194768,0.00015537842409685254,0.001438638661056757,0.004512899089604616,0.00135756132658571,0.034429848194122314,1.6683220863342285,1.0,0.09910416666666666,0.058142293244600296,0.27137322871469366,591.9465162123777,99.609375,55.14503860473633,8.5,253.0,3000.0,50.36016845703125,6857.359894479261,6586.997799608695,6.511704921722412,0.7204728722572327,metal,metal
46.41912931776596,641.9220920169079,11.71875,0.0008549062767997384,14.419301110678543,22.219609024652392,13.591383766982304,17.186329001458873,17.05516788256339,0.040569521486759186,480.46875,0.814995288848877,1.64,0.32636600732803345,6.218869209289551,-7.19145937503104e-05,7.19145937503104e-05,0.001385214738547802,0.0061810738407075405,0.013336588628590107,2.157649040222168,0.1444375,0.09885519801980198,0.2780973970488037,0.0031564405653625727,0.0032625736203044653,0.017384182661771774,4.002622517873533e-06,1.5375678539276123,1.5574045181274414,1.3563543888868126,0.0024149264208972454,0.00015547958901152015,0.001467980328015983,0.004618605598807335,0.001385214738547802,0.03366374969482422,1.6450673341751099,1.0,0.09910416666666666,0.05762851610779762,0.27245543987138043,591.6104054158783,111.328125,54.774497985839844,9.5,255.0,3000.0,50.8629035949707,6844.2310977490115,6583.95037826129,6.426855087280273,0.720354437828064,metal,metal
45.55361032932357,631.3223735734733,11.71875,0.0008379443315789104,11.746970109183694,18.76629532433663,34.16635472753572,24.52030656409173,20.62724987605232,0.04302147403359413,480.46875,0.7985244989395142,1.8636363636363635,0.3454453945159912,6.129394054412842,-7.18899409089303e-05,7.18899409089303e-05,0.0013715082313865423,0.006222160533070564,0.013580736704170704,2.1826400756835938,0.14658333333333334,0.09061484761757425,0.27652216512397754,0.00317717925645411,0.0032805022783577442,0.017069125548005104,1.2085797607142013e-06,1.5496035814285278,1.6173839569091797,1.3271226834884395,0.0023916366044431925,0.00015058706048876047,0.0014643460744991899,0.004563713446259499,0.0013715082313865423,0.03299660608172417,1.6332454681396484,1.0,0.09910416666666666,0.056022897362709045,0.264692455867857,618.9842889187397,99.609375,52.50934600830078,8.5,248.0,3000.0,49.55622863769531,6799.642388887107,6540.601627280175,6.229433059692383,0.7188541293144226,metal,metal
44.73084225628915,615.7912528239157,11.71875,0.0008378592901863158,9.395114234609308,15.182199847887818,27.687697189024938,22.395873869528767,18.534340237568763,0.04223640263080597,480.46875,0.8086064457893372,1.64,0.5307205319404602,6.133220672607422,-7.314922184606882e-05,7.314922184606882e-05,0.0013669467298313975,0.0062338607385754585,0.01355021819472313,2.173647880554199,0.1455,0.09096292930074257,0.2769198797398835,0.003178562503308058,0.003285023383796215,0.017331762239336967,8.180307304428425e-06,1.5471487045288086,1.6056814193725586,1.3283314133632282,0.0023962229024618864,0.0001521908852737397,0.001462603104300797,0.004572938662022352,0.0013669467298313975,0.033280763775110245,1.6383274793624878,1.0,0.09802083333333333,0.05649169906973839,0.2634170018922956,619.6289744607486,93.75,51.62978744506836,8.0,257.0,3000.0,49.028358459472656,6828.013967486513,6582.162858247801,6.3702392578125,0.7212764024734497,metal,metal
45.35002075744462,627.617413361686,11.71875,0.0008391382289119065,11.424539603327972,17.478458074863646,28.672116650655884,21.44302311472496,19.263286806379227,0.044018786400556564,527.34375,0.8243814706802368,1.8,0.4317878484725952,6.282290458679199,-7.374019150535818e-05,7.374019150535818e-05,0.0013682711869478226,0.006232625804841518,0.01355021819472313,2.1740784645080566,0.13985416666666667,0.08613813041460396,0.2762171974842143,0.003179241670295596,0.003286828752607107,0.01716461405158043,1.3797967994833016e-06,1.5467798709869385,1.6013283729553223,1.3325810837752001,0.0023710590321570635,0.00015503443137276918,0.0014486636500805616,0.004568157251924276,0.0013682711869478226,0.03393806889653206,1.6367216110229492,1.0,0.09910416666666666,0.05814360827207565,0.2728320187244222,614.6837765616631,99.609375,54.54839324951172,8.5,267.0,3000.0,49.87590026855469,6864.904696042125,6606.864071281372,6.520751953125,0.7212527394294739,metal,metal
44.705587097558144,617.3305010528459,11.71875,0.0008400047663599253,10.675699405593452,16.92662599768217,23.874847221713097,25.56400896258667,23.408481261079586,0.040208056569099426,480.46875,0.8245893120765686,1.4137931034482758,0.4425756335258484,6.229452610015869,-7.284652074778121e-05,7.284652074778121e-05,0.0013730963692069054,0.006263262126594782,0.013641773723065853,2.1780619621276855,0.14741666666666667,0.08667959081064357,0.27782326300953797,0.003194833407178521,0.003302284050732851,0.017472809180617332,1.5970717868185602e-05,1.5474212169647217,1.6110596656799316,1.32818572156917,0.0023494106717407703,0.00015361262194346637,0.0014430176233872771,0.004541859030723572,0.0013730963692069054,0.033821530640125275,1.6281232833862305,1.0,0.09802083333333333,0.05557307228446007,0.2706027832929865,640.7775560663978,93.75,50.79499053955078,8.0,254.0,3000.0,49.02373504638672,6823.038437124677,6535.233486900029,6.141140460968018,0.7198997735977173,metal,metal
44.695374800792415,618.1994948724582,11.71875,0.0008409068686887622,10.937764498376655,16.582423239383402,25.86744288072092,22.448420080242293,24.92244900063183,0.044194649904966354,527.34375,0.8239604234695435,1.8,0.4699179232120514,6.222963809967041,-7.219213438709331e-05,7.219213438709331e-05,0.0013614570489153266,0.006235057953745127,0.01348918117582798,2.1634411811828613,0.14116666666666666,0.08714611695544554,0.2771099910713077,0.0031746479216963053,0.0032880015205591917,0.017459608614444733,6.26172186457552e-06,1.5461407899856567,1.6009631156921387,1.3340290903273735,0.002386432606726885,0.0001550922606838867,0.0014354691375046968,0.0045465887524187565,0.0013614570489153266,0.034111786633729935,1.6624757051467896,1.0,0.09802083333333333,0.057920850813388824,0.27070894601063344,604.3231569955979,93.75,53.790306091308594,8.0,257.0,3000.0,50.468929290771484,6841.634830103323,6546.333757497454,6.503451347351074,0.7198570966720581,metal,metal
44.493532225108225,615.4338426655423,11.71875,0.0008321758359670639,10.014576236671878,15.825411125384647,19.204522405843573,25.996960104852313,19.396768829396684,0.041956160217523575,527.34375,0.8169209361076355,1.8,0.42537128925323486,6.151143550872803,-7.33890169914384e-05,7.33890169914384e-05,0.0013637871015816927,0.0062552560120821,0.01348918117582798,2.1564555168151855,0.13891666666666666,0.08899771813118812,0.2776731301185993,0.0031872475519776344,0.00330024934373796,0.017351629212498665,1.1762204849219415e-05,1.5476351976394653,1.611494541168213,1.3318934854521618,0.0023620889987796545,0.00015265624097082764,0.0014350092969834805,0.004522483795881271,0.0013637871015816927,0.03375495597720146,1.646044373512268,1.0,0.09802083333333333,0.05845971405506134,0.27267397785465003,593.5993207244524,93.75,53.65190887451172,8.0,254.0,3000.0,50.51547622680664,6840.360878184898,6556.072483303507,6.520184516906738,0.7190005779266357,metal,metal
45.52873462758258,632.5750430366435,11.71875,0.0008418391807936132,9.73274012798303,15.838619987736205,22.87822391409422,29.830793691632245,21.2441463383709,0.04087536782026291,480.46875,0.7757063508033752,1.64,0.4995954632759094,6.228662967681885,-7.277310297037721e-05,7.277310297037721e-05,0.0013689120532944798,0.006222769618034363,0.013458662666380405,2.162809133529663,0.14652083333333332,0.08548789449257425,0.27658096821123884,0.00317542371340096,0.003281476441770792,0.017372943460941315,1.1839163562399335e-05,1.5485669374465942,1.6130876541137695,1.3322535419307437,0.0023905604612082243,0.00014630270015913993,0.0014516122173517942,0.004547408781945705,0.0013689120532944798,0.03217276185750961,1.6468312740325928,1.0,0.09910416666666666,0.0552268922328949,0.2690744865700419,647.0014821582063,99.609375,51.65992736816406,8.5,251.0,3000.0,48.02967071533203,6825.411693088277,6550.184736062149,6.111240863800049,0.7203941345214844,metal,metal
45.42525425929665,633.00982432268,11.71875,0.0008398186764679849,9.769578219184842,15.671145795736209,26.611614906031416,28.301377570545387,20.91913330448841,0.047081366181373596,480.46875,0.8557131886482239,1.64,0.5138766169548035,6.176516532897949,-7.106853918824283e-05,7.106853918824283e-05,0.0013577830977737904,0.006221816409379244,0.013763847760856152,2.212191343307495,0.14858333333333335,0.08498269260519802,0.27645191791433826,0.0031802162993699312,0.003279494820162654,0.017351903021335602,3.2138823371496983e-06,1.5396283864974976,1.5770502090454102,1.3309895567140693,0.0023846731055527925,0.00016125703405123204,0.0014442524407058954,0.004527624696493149,0.0013577830977737904,0.035616256296634674,1.6511470079421997,1.0,0.09910416666666666,0.056024689227342606,0.2625602166054184,611.9214636272881,99.609375,52.808712005615234,8.5,255.0,3000.0,49.273643493652344,6814.4986227603395,6539.07837921551,6.116718769073486,0.7175063490867615,metal,metal
45.000969032453135,619.7762203774482,11.71875,0.0008438678341917694,11.03609134350345,18.54866271211602,28.21335245931065,21.152303082597253,27.250541243288588,0.04472154751420021,527.34375,0.8418245911598206,1.8,0.5817373991012573,6.055586814880371,-7.173258812150353e-05,7.173258812150353e-05,0.0013757600681856275,0.006216580048203468,0.01355021819472313,2.17969012260437,0.1475,0.08144869662747525,0.27757360802389824,0.0031717948149889708,0.0032769537065178156,0.017341861501336098,3.241457534386427e-06,1.5464950799942017,1.6116204261779785,1.3359849783102893,0.0023907639551907778,0.00015919552242849022,0.0014697953592985868,0.004572619218379259,0.0013757600681856275,0.03481495380401611,1.626596450805664,1.0,0.09802083333333333,0.056937407702207565,0.26937360510504565,620.2198923783061,93.75,52.814613342285156,8.0,267.0,3000.0,49.60847091674805,6867.879875837767,6609.433283399094,6.336968421936035,0.7200610041618347,metal,metal
44.45107032809333,613.1047525630001,11.71875,0.0008316034800373018,9.490073260189183,16.697126725447227,24.066919737166597,21.82200116313782,27.92631706817169,0.042502060532569885,527.34375,0.7989089488983154,1.8,0.5202553868293762,6.154774188995361,-7.309881518783858e-05,7.309881518783858e-05,0.0013574811164289713,0.006275697611272335,0.013672292232513428,2.1786091327667236,0.1455,0.08923218982054455,0.27742735547147646,0.0031939472537487745,0.003312943037599325,0.017449721693992615,1.7399011085217353e-06,1.5457655191421509,1.6058349609375,1.3384279386601818,0.0023314524441957474,0.00014838097558822483,0.0014746151864528656,0.004548579920083284,0.0013574811164289713,0.03262138366699219,1.5810582637786865,1.0,0.09802083333333333,0.05614438280463219,0.25919231088169936,611.7680996084371,93.75,51.99442672729492,8.0,259.0,3000.0,49.02280044555664,6889.078672340933,6603.345257391923,6.2751946449279785,0.7233844995498657,metal,metal
44.59239060659716,615.3864147323078,11.71875,0.0008402611128985882,9.982284687263773,16.848417880074216,25.589942221679905,24.31752062714147,23.110558484623883,0.04348994791507721,480.46875,0.8329900503158569,1.64,0.5325976014137268,6.155547618865967,-7.550979790751314e-05,7.550979790751314e-05,0.0013680406846106052,0.006230578757822514,0.013580736704170704,2.1796910762786865,0.14345833333333333,0.0922029702970297,0.27784540221550375,0.0031774051021784544,0.003288566367700696,0.017170052975416183,7.517764402109606e-07,1.53916597366333,1.5846118927001953,1.3481742763639442,0.0023912054020911455,0.00015672903100494295,0.0014507542364299297,0.004546113777905703,0.0013680406846106052,0.03447538614273071,1.648249864578247,1.0,0.09802083333333333,0.05538824573159218,0.27195436660834577,644.9672313846715,93.75,50.83426284790039,8.0,256.0,3000.0,47.81695556640625,6816.965743741276,6543.569814560446,6.126983165740967,0.7200692892074585,metal,metal
44.248890686481445,613.1522694470183,11.71875,0.000830533099360764,11.213710228215117,15.58037654752548,20.367444357617913,23.64108454360508,27.059777584195054,0.041122764348983765,527.34375,0.8058287501335144,1.8,0.5060886740684509,6.093875408172607,-7.296090632530549e-05,7.296090632530549e-05,0.0013525821268558502,0.006264806259423494,0.013611255213618279,2.172653913497925,0.1435,0.08585047957920793,0.27788636768948166,0.003192773088812828,0.003306536003947258,0.017390025779604912,1.250717900802556e-06,1.5496370792388916,1.628197193145752,1.3372168751164513,0.0023629418574273586,0.00015003325825091451,0.001449950854294002,0.004505395423620939,0.0013525821268558502,0.03330079838633537,1.629670262336731,1.0,0.09802083333333333,0.05713573098182678,0.2636387711648072,601.3489936776292,93.75,52.69375991821289,8.0,261.0,3000.0,49.824710845947266,6832.755494193659,6586.430136203204,6.436654567718506,0.7204752564430237,metal,metal
45.31362846579866,632.9966280701619,11.71875,0.0008353057783097029,10.204859843705465,16.943311807079606,26.26432666345883,22.946571437206416,22.197169747435574,0.043562330305576324,527.34375,0.8179137706756592,1.875,0.5426180362701416,6.162287712097168,-7.215431160136766e-05,7.215431160136766e-05,0.0013563130050897598,0.006227326113730669,0.01348918117582798,2.1661272048950195,0.14658333333333334,0.08940623066212872,0.27710371345340074,0.0031825911719352007,0.0032834960147738457,0.017342910170555115,6.09094740866567e-06,1.5494951009750366,1.6239089965820312,1.3338668602668846,0.002370810601860285,0.00015382941637653857,0.0014425693079829216,0.004503083880990744,0.0013563130050897598,0.034160904586315155,1.6434639692306519,1.0,0.09910416666666666,0.055582161992788315,0.2611125449832289,617.2705347588237,99.609375,52.420597076416016,8.5,255.0,3000.0,48.36980056762695,6804.329639483045,6540.359398011953,6.136007785797119,0.7197780013084412,metal,metal
45.5108078077027,634.6171946368836,11.71875,0.0008406023844145238,10.574669533762188,17.63030747234461,27.464756766963575,26.02385103463658,25.100284728048972,0.04587187618017197,480.46875,0.8192492127418518,1.64,0.49159106612205505,6.209908962249756,-7.231861665742239e-05,7.231861665742239e-05,0.0013689245097339153,0.006233877036720514,0.01348918117582798,2.163851022720337,0.14652083333333332,0.08875357750618812,0.2763506147346736,0.003178299404680729,0.0032881780061870813,0.017440594732761383,1.017799604596803e-05,1.5485037565231323,1.6051983833312988,1.3288687527685306,0.0023892184253782034,0.00015405984595417976,0.001437002094462514,0.0045150769874453545,0.0013689245097339153,0.03412120044231415,1.662640929222107,1.0,0.09910416666666666,0.05534544959664345,0.2689449888261226,621.9412787840271,99.609375,52.220787048339844,8.5,261.0,3000.0,48.259159088134766,6820.928118096495,6561.718755900119,6.073812484741211,0.7179581522941589,metal,metal
44.481711187748644,615.8740361208631,11.71875,0.0008369205752387643,10.030187225984971,16.69109766524894,26.785276178589967,31.043253484634022,21.446543821557103,0.0438954196870327,480.46875,0.801058828830719,1.64,0.4498887062072754,6.246382713317871,-7.253126100419296e-05,7.253126100419296e-05,0.0013635975774377584,0.006263141520321369,0.013519699685275555,2.1586132049560547,0.14339583333333333,0.08155747215346534,0.27807686604301574,0.0031959586776793003,0.003303570905700326,0.01745225302875042,1.7872890794023988e-06,1.5395539999008179,1.5825276374816895,1.3373154513502445,0.002357700141146779,0.00014913597260601819,0.0014300360344350338,0.004519129171967506,0.0013635975774377584,0.033001042902469635,1.6486997604370117,1.0,0.09802083333333333,0.05866203457117081,0.2695484545312497,590.2581592953978,93.75,54.45058059692383,8.0,250.0,3000.0,51.13048553466797,6857.346061884556,6567.878428073317,6.577723503112793,0.7192716002464294,metal,metal
44.76044990618439,616.6590758953388,11.71875,0.0008377444464713335,9.149833810890872,15.079338510342142,24.071578549570006,25.073293123104108,16.82829378057935,0.046292517334222794,480.46875,0.8285079598426819,1.7083333333333333,0.49797526001930237,6.08152961730957,-7.362876706311524e-05,7.362876706311524e-05,0.001374137937091291,0.006231389939785004,0.013702810741961002,2.1989974975585938,0.14329166666666668,0.08998636680074257,0.2770101981497717,0.0031786696054041386,0.003284238977357745,0.01732630841434002,4.3750887357418833e-07,1.548835277557373,1.61700439453125,1.3319276777442803,0.002382909180596471,0.00015597630408592522,0.0014668656513094902,0.0045576016418635845,0.001374137937091291,0.03422332927584648,1.6244903802871704,1.0,0.09802083333333333,0.055362485349178314,0.2704241677994917,647.9242413239245,93.75,50.96009063720703,8.0,254.0,3000.0,47.67510223388672,6768.006772957604,6524.449867940127,6.1684699058532715,0.7193541526794434,metal,metal
45.36976712453368,635.5459062014933,11.71875,0.000839388812892139,10.506394705826773,16.403862683600536,24.198473822847617,23.503672058207872,20.168621494965876,0.04437986761331558,480.46875,0.828384280204773,1.64,0.25555387139320374,6.172443389892578,-7.117394352152808e-05,7.117394352152808e-05,0.0013532249722629786,0.006225026212632656,0.013702810741961002,2.2012455463409424,0.142375,0.08404238861386139,0.27658550369236756,0.003176729427650571,0.003282170044258237,0.017269831150770187,3.730049229488941e-06,1.5449742078781128,1.5931682586669922,1.3309099653130867,0.002389098983258009,0.00015613576397299767,0.001415318576619029,0.004489324986934662,0.0013532249722629786,0.03477934002876282,1.688029170036316,1.0,0.09910416666666666,0.058958519250154495,0.27717407208613865,592.766881897177,99.609375,55.79661178588867,8.5,259.0,3000.0,50.552799224853516,6879.655303770463,6624.194815488097,6.669022560119629,0.7200957536697388,metal,metal
45.49125451229964,631.1311951771328,11.71875,0.0008393845637328923,9.871837273257459,17.3730618010593,21.56102580962424,19.56626298130795,22.41954474888335,0.041843753308057785,480.46875,0.8261136412620544,1.64,0.38041627407073975,6.151069164276123,-7.287856766323852e-05,7.287856766323852e-05,0.0013627329608425498,0.00622393237426877,0.013458662666380405,2.162405014038086,0.142375,0.08522925046410891,0.27654410352706477,0.003175236051902175,0.003280768869444728,0.017388731241226196,4.012233148387168e-06,1.5497950315475464,1.6134705543518066,1.326314994140722,0.00239401962608099,0.00015582832565996796,0.0014539890689775348,0.004562420770525932,0.0013627329608425498,0.0341547466814518,1.646518349647522,1.0,0.09910416666666666,0.058481816202402115,0.2758860861573577,591.9374466742468,99.609375,55.0955696105957,8.5,272.0,3000.0,50.28030776977539,6872.825133823935,6617.449977673037,6.624812602996826,0.7196929454803467,metal,metal
44.688462833202735,617.7681146060773,11.71875,0.0008396838093176484,10.335109480275483,15.816521151876103,26.438224775513348,24.400078711492473,20.81592841660822,0.04362601041793823,527.34375,0.818469226360321,1.8,0.44191139936447144,6.111008167266846,-7.228280761450145e-05,7.228280761450145e-05,0.0013692846987396479,0.006239594426006079,0.01355021819472313,2.1716504096984863,0.14125,0.08936513768564357,0.2770137137514705,0.00318129756487906,0.0032889004796743393,0.017190687358379364,2.7369715098757297e-06,1.5426586866378784,1.593855381011963,1.331186985913849,0.00238274154253304,0.0001537087809992954,0.00146039470564574,0.0045337313786149025,0.0013692846987396479,0.033903371542692184,1.6315736770629883,1.0,0.09802083333333333,0.05622342601418495,0.26369848954850383,618.5965727961938,93.75,51.81794738769531,8.0,259.0,3000.0,49.245933532714844,6901.467974300983,6610.321696281675,6.230306625366211,0.7209324240684509,metal,metal
45.29495059912883,631.9421510703177,11.71875,0.0008439490920864046,11.144314341363474,17.81312216603266,27.363901768156403,29.48528410613448,21.885399796914538,0.044470060616731644,527.34375,0.8270187377929688,1.8,0.4284604489803314,6.135902404785156,-7.219494519173672e-05,7.219494519173672e-05,0.0013599528465420008,0.006232684012502432,0.01355021819472313,2.174058198928833,0.14658333333333334,0.08499719600866337,0.27709924692209914,0.003182417480275035,0.003287240630015731,0.017411088570952415,6.175965836519026e-07,1.5452696084976196,1.6012954711914062,1.3354004908863708,0.002377511467784643,0.0001553692272864282,0.001448787865228951,0.00450774235650897,0.0013599528465420008,0.034467194229364395,1.6410349607467651,1.0,0.09910416666666666,0.05571449548006058,0.2614404855610615,619.629386269591,99.609375,52.79301834106445,8.5,257.0,3000.0,48.406463623046875,6806.305133517112,6533.366480934069,6.121232986450195,0.7198166847229004,metal,metal
45.11724807896586,619.7837681110879,11.71875,0.0008435626514256,10.321680862233048,15.170472305535005,22.957038800598895,22.098060176116732,25.17527859052054,0.04513368755578995,480.46875,0.8085159063339233,1.64,0.47323212027549744,6.254829406738281,-7.24938172766051e-05,7.24938172766051e-05,0.0013816701248288155,0.006214819382876158,0.013458662666380405,2.1655757427215576,0.1454375,0.09045289294554455,0.27713327406429156,0.0031717894598841667,0.00327452109195292,0.017414569854736328,8.226660611398984e-06,1.5513931512832642,1.6328506469726562,1.3260738314883376,0.0023974732030183077,0.00015299732331186533,0.001457373728044331,0.004598909988999367,0.0013816701248288155,0.033268172293901443,1.645064115524292,1.0,0.09802083333333333,0.05511462315917015,0.26695423372780236,638.7788762763497,93.75,50.91144943237305,8.0,253.0,3000.0,47.58049774169922,6819.391214623063,6528.832667503032,6.0752973556518555,0.7213631868362427,metal,metal
44.47474539855931,614.4293128599774,11.71875,0.0008274419815279543,10.208855950461954,16.546246028514275,22.72216417581122,19.420768987262953,23.751138393053356,0.038109228014945984,480.46875,0.788324236869812,1.64,0.32945743203163147,6.152057647705078,-7.40289586955366e-05,7.40289586955366e-05,0.0013649797765538096,0.006275086663663387,0.013763847760856152,2.1934115886688232,0.13664583333333333,0.0909024984529703,0.27643421701451565,0.0031948352698236704,0.003309736493974924,0.017456360161304474,3.57354315383418e-06,1.5489516258239746,1.6099843978881836,1.3301668249831098,0.0023534754291176796,0.0001465149543946609,0.0014564180746674538,0.004530429374426603,0.0013649797765538096,0.032340191304683685,1.6159340143203735,1.0,0.09802083333333333,0.05675341561436653,0.26364560892937267,609.4403533703396,93.75,52.17107009887695,8.0,270.0,3000.0,49.13479232788086,6879.25283496351,6619.516644847273,6.366830348968506,0.7220025062561035,metal,metal
45.48903330224492,626.2310158995056,11.71875,0.0008418344077654183,10.389525892721899,17.2218717896268,36.63693404813893,25.365731858783967,25.071467422001007,0.04332806542515755,527.34375,0.8167715072631836,1.8,0.48750510811805725,6.146503925323486,-7.223745874991438e-05,7.223745874991438e-05,0.0013877361780032516,0.006208897102624178,0.013336588628590107,2.147980213165283,0.14345833333333333,0.08751837097772278,0.2770760306976464,0.0031679137609899044,0.003272193716838956,0.017282642424106598,5.093655772725469e-07,1.5355037450790405,1.5620346069335938,1.3354919930108886,0.0024069820065051317,0.0001548434083815664,0.0014781898353248835,0.0045994906686246395,0.0013877361780032516,0.033665336668491364,1.6283308267593384,1.0,0.09802083333333333,0.05514908581972122,0.2657682497340623,630.8525742161617,93.75,50.99864196777344,8.0,260.0,3000.0,48.39998245239258,6813.227765471444,6549.012899747757,6.22554874420166,0.7194726467132568,metal,metal
44.29485568674592,613.1127705384605,11.71875,0.0008319815970025957,9.986213152605904,15.398070627172642,28.713577999487914,24.391805008835462,26.06330272922078,0.04222947731614113,480.46875,0.7916368842124939,1.64,0.6624562740325928,6.150464057922363,-7.31343599615627e-05,7.31343599615627e-05,0.0013542803935706615,0.006257325876504183,0.013519699685275555,2.1606194972991943,0.145375,0.08931679300742575,0.27738846211396306,0.0031925493385642767,0.003298183437436819,0.017451446503400803,3.1786923955223756e-06,1.5383131504058838,1.5647268295288086,1.329148045497164,0.002371514681726694,0.00014776954776607454,0.001455585821531713,0.004517396446317434,0.0013542803935706615,0.0327112190425396,1.6292510032653809,1.0,0.09802083333333333,0.05688326060771942,0.2620937490528746,604.8857021064667,93.75,52.30313491821289,8.0,259.0,3000.0,50.332664489746094,6861.62542450869,6601.385054456637,6.3788838386535645,0.7210493683815002,metal,metal
45.50668303468278,630.1539720421666,11.71875,0.0008380188373848796,9.723003746368807,15.124528401802799,24.229686392463353,22.718333011840567,24.273180164551945,0.04418930411338806,480.46875,0.7941186428070068,1.64,0.45695960521698,6.276279926300049,-7.290378615799289e-05,7.290378615799289e-05,0.0013758831191807985,0.006219625938683748,0.01342814415693283,2.1589953899383545,0.14454166666666668,0.08521232982673267,0.27655241104213885,0.00317654968239367,0.003278201911598444,0.017448073253035545,4.237049324729014e-06,1.539947509765625,1.5710854530334473,1.3307037389200567,0.002389337867498398,0.00014987296890467405,0.0014443626860156655,0.004567465744912624,0.0013758831191807985,0.03281315788626671,1.6542506217956543,1.0,0.09910416666666666,0.05534389242529869,0.2688375801673978,634.8186561256741,99.609375,52.12744903564453,8.5,261.0,3000.0,47.974239349365234,6834.6428011757525,6541.714609668238,6.101182460784912,0.7199322581291199,metal,metal
44.611186135404736,617.6613426300036,11.71875,0.0008445149869658053,10.471549454186333,17.18314328998754,22.990723484386464,22.723391949154035,26.18829092723839,0.042986538261175156,480.46875,0.842361330986023,1.64,0.3949333131313324,6.142064571380615,-7.237483094768377e-05,7.237483094768377e-05,0.0013583358377218246,0.00622327858582139,0.01348918117582798,2.1675360202789307,0.13885416666666667,0.08782535968440594,0.2776337308115249,0.003179601626470685,0.003279134863987565,0.017326075583696365,1.474129021517001e-06,1.5395153760910034,1.5817222595214844,1.3321907836627174,0.0023865802213549614,0.00015879735292401165,0.0014349024277180433,0.0045351325534284115,0.0013583358377218246,0.03501493111252785,1.6632351875305176,1.0,0.09802083333333333,0.05803979933261871,0.2716388725071517,597.856932150179,93.75,53.58012771606445,8.0,255.0,3000.0,50.634517669677734,6817.638951149993,6550.840161107064,6.459036350250244,0.7166604399681091,metal,metal
44.41679936973391,615.2086449499898,11.71875,0.0008374472963623703,10.043601003612721,16.14162009632257,22.361589628409288,23.14695643196779,25.09740767111669,0.04305853694677353,527.34375,0.8237897157669067,1.8,0.4514199495315552,6.179203987121582,-7.368179221611765e-05,7.368179221611765e-05,0.0013625838328152895,0.006257440894842148,0.013641773723065853,2.1800882816314697,0.13897916666666665,0.08681012144183169,0.2775984044002919,0.003184641944244504,0.003303094068542123,0.017312882468104362,1.291748139919946e-05,1.550919771194458,1.6207904815673828,1.3341091752048566,0.0023548086173832417,0.00015392618661280721,0.0014270602259784937,0.004512283951044083,0.0013625838328152895,0.03411269932985306,1.6501115560531616,1.0,0.09802083333333333,0.05922830477356911,0.27611984850897103,600.5261726047966,93.75,54.65007019042969,8.0,255.0,3000.0,51.188011169433594,6826.490371313447,6552.504511347029,6.628951549530029,0.7188020944595337,metal,metal
